-4.982897639274597168e-02,9.848092794418334961e-01,5.000000000000000000e+01,-2.108001409118323011e+00,-1.737284302711486816e+00,4.351324439048767090e-01
-1.006390079855918884e-01,9.699154496192932129e-01,5.000000000000000000e+01,-3.929586929955263486e+00,-1.961377620697021484e+00,1.857621967792510986e-01
-1.511558890342712402e-01,9.553534388542175293e-01,5.000000000000000000e+01,-5.927269077232723227e+00,-2.199103116989135742e+00,2.594087123870849609e-01
-2.026887387037277222e-01,9.410064816474914551e-01,5.000000000000000000e+01,-7.499660131533577356e+00,-2.092086315155029297e+00,3.237151801586151123e-01
-2.533307969570159912e-01,9.268906712532043457e-01,5.000000000000000000e+01,-9.131322387376073380e+00,-2.275811910629272461e+00,2.636289596557617188e-01
-3.032712340354919434e-01,9.130061268806457520e-01,5.000000000000000000e+01,-1.082809513801534251e+01,-2.491023302078247070e+00,3.891750276088714600e-01
-3.558091223239898682e-01,8.993435502052307129e-01,5.000000000000000000e+01,-1.240418782236013584e+01,-2.617134571075439453e+00,2.476587593555450439e-01
-4.002867937088012695e-01,8.859290480613708496e-01,5.000000000000000000e+01,-1.396898821398355572e+01,-2.763261795043945312e+00,2.647587060928344727e-01
-4.621869027614593506e-01,8.726882934570312500e-01,5.000000000000000000e+01,-1.548744080094597031e+01,-2.939237594604492188e+00,2.407315224409103394e-01
-5.032043457031250000e-01,8.596555590629577637e-01,5.000000000000000000e+01,-1.707442730374768303e+01,-2.774516820907592773e+00,2.038572132587432861e-01
-5.600228309631347656e-01,8.468590974807739258e-01,5.000000000000000000e+01,-1.855919060649019059e+01,-3.055299520492553711e+00,2.734251618385314941e-01
-6.081069707870483398e-01,8.342378735542297363e-01,5.000000000000000000e+01,-1.967581712899124113e+01,-2.910344123840332031e+00,2.301698327064514160e-01
-6.449577212333679199e-01,8.218085169792175293e-01,5.000000000000000000e+01,-2.083239116637218658e+01,-3.014831304550170898e+00,1.460174173116683960e-01
-6.961369514465332031e-01,8.095614910125732422e-01,5.000000000000000000e+01,-2.204150188459092519e+01,-3.038574218750000000e+00,1.419960409402847290e-01
-7.548757791519165039e-01,7.975051403045654297e-01,5.000000000000000000e+01,-2.306647481281109791e+01,-3.134356260299682617e+00,1.316079646348953247e-01
-8.152161240577697754e-01,7.856468558311462402e-01,5.000000000000000000e+01,-2.429995321922243434e+01,-3.171243667602539062e+00,1.330521255731582642e-01
-8.685432076454162598e-01,7.739583849906921387e-01,5.000000000000000000e+01,-2.550127845818273187e+01,-3.262563705444335938e+00,2.034755945205688477e-01
-9.044148325920104980e-01,7.624796628952026367e-01,5.000000000000000000e+01,-2.693711502300409322e+01,-3.407699108123779297e+00,1.639454215764999390e-01
-9.632946848869323730e-01,7.511842250823974609e-01,5.000000000000000000e+01,-2.765927527055914226e+01,-3.180365085601806641e+00,1.447366327047348022e-01
-9.956359863281250000e-01,7.400665879249572754e-01,5.000000000000000000e+01,-2.824969643063047897e+01,-3.246228933334350586e+00,7.246801257133483887e-02
-1.043187022209167480e+00,7.291105985641479492e-01,5.000000000000000000e+01,-2.872868030939998363e+01,-3.276653051376342773e+00,1.416053920984268188e-01
-1.088658332824707031e+00,7.183791995048522949e-01,5.000000000000000000e+01,-2.913973402329421347e+01,-3.238247632980346680e+00,7.544689625501632690e-02
-1.125850200653076172e+00,7.078383564949035645e-01,5.000000000000000000e+01,-2.971414331038975476e+01,-3.361877918243408203e+00,5.424318090081214905e-02
-1.214242815971374512e+00,6.974507570266723633e-01,5.000000000000000000e+01,-3.004618473763344255e+01,-3.547175645828247070e+00,1.417970657348632812e-01
-1.209971308708190918e+00,6.872575283050537109e-01,5.000000000000000000e+01,-3.051725656323046820e+01,-3.407146930694580078e+00,1.083082184195518494e-01
-1.269106388092041016e+00,6.772251725196838379e-01,5.000000000000000000e+01,-3.051020390084984157e+01,-3.352221250534057617e+00,1.353439092636108398e-01
-1.312757492065429688e+00,6.673278212547302246e-01,5.000000000000000000e+01,-3.073507038402324199e+01,-3.359952926635742188e+00,1.057734414935112000e-01
-1.387377738952636719e+00,6.575981974601745605e-01,5.000000000000000000e+01,-3.108279228331617361e+01,-3.201612710952758789e+00,9.121528267860412598e-02
-1.393733620643615723e+00,6.480228900909423828e-01,5.000000000000000000e+01,-3.119973350879558183e+01,-3.338447809219360352e+00,1.257207244634628296e-01
-1.434685707092285156e+00,6.385753154754638672e-01,5.000000000000000000e+01,-3.169787207733590861e+01,-3.253004074096679688e+00,9.121353179216384888e-02
-1.435858011245727539e+00,6.293138861656188965e-01,5.000000000000000000e+01,-3.171056160023336190e+01,-3.287507772445678711e+00,4.446984827518463135e-02
-1.490478396415710449e+00,6.201729178428649902e-01,5.000000000000000000e+01,-3.172000692689939783e+01,-3.314919948577880859e+00,1.404548138380050659e-01
-1.519806027412414551e+00,6.111801266670227051e-01,5.000000000000000000e+01,-3.174192440319618314e+01,-3.249385118484497070e+00,6.501296907663345337e-02
-1.663071632385253906e+00,6.023357510566711426e-01,5.000000000000000000e+01,-3.161104737473050363e+01,-3.261604309082031250e+00,7.144675403833389282e-02
-1.671043992042541504e+00,5.936176776885986328e-01,5.000000000000000000e+01,-3.147083062387966379e+01,-3.320446014404296875e+00,8.798034489154815674e-02
-1.720913171768188477e+00,5.850419402122497559e-01,5.000000000000000000e+01,-3.181090164944834697e+01,-3.025907993316650391e+00,6.340058892965316772e-02
-1.765385627746582031e+00,5.766090154647827148e-01,5.000000000000000000e+01,-3.195391751964372062e+01,-3.126765727996826172e+00,6.189714744687080383e-02
-1.773662686347961426e+00,5.682881474494934082e-01,5.000000000000000000e+01,-3.190537594946971822e+01,-3.201799154281616211e+00,5.824102461338043213e-02
-1.817317128181457520e+00,5.601025819778442383e-01,5.000000000000000000e+01,-3.189552166965575708e+01,-3.109235286712646484e+00,6.990703195333480835e-02
-1.923017144203186035e+00,5.520628094673156738e-01,5.000000000000000000e+01,-3.200513140387197808e+01,-2.820024728775024414e+00,7.104418426752090454e-02
-1.953197002410888672e+00,5.441148877143859863e-01,5.000000000000000000e+01,-3.184564502166479372e+01,-3.005979537963867188e+00,4.241576418280601501e-02
-1.967553377151489258e+00,5.363011360168457031e-01,5.000000000000000000e+01,-3.163980053017345284e+01,-3.042186260223388672e+00,3.932196646928787231e-02
-2.013962030410766602e+00,5.286012291908264160e-01,5.000000000000000000e+01,-3.147085707318986181e+01,-2.923009157180786133e+00,6.824727356433868408e-02
-1.980885386466979980e+00,5.210202336311340332e-01,5.000000000000000000e+01,-3.101617899795556355e+01,-2.792664051055908203e+00,6.744938343763351440e-02
-1.989691019058227539e+00,5.135564208030700684e-01,5.000000000000000000e+01,-3.088880385278498508e+01,-2.723582983016967773e+00,5.962194874882698059e-02
-2.167139053344726562e+00,5.062312483787536621e-01,5.000000000000000000e+01,-3.078995954158843062e+01,-2.704287052154541016e+00,7.126522809267044067e-02
-2.147492647171020508e+00,4.990032315254211426e-01,5.000000000000000000e+01,-3.079318087018850392e+01,-2.561401605606079102e+00,4.169201850891113281e-02
-2.207148313522338867e+00,4.918594956398010254e-01,5.000000000000000000e+01,-3.054932181097248289e+01,-2.415368318557739258e+00,5.471438914537429810e-02
-2.203761577606201172e+00,4.848288595676422119e-01,5.000000000000000000e+01,-3.005731082971374946e+01,-2.322987318038940430e+00,6.314065307378768921e-02
-2.186812400817871094e+00,4.778928160667419434e-01,5.000000000000000000e+01,-2.984470001448659460e+01,-2.500861406326293945e+00,4.171359539031982422e-02
-2.314771175384521484e+00,4.711004495620727539e-01,5.000000000000000000e+01,-2.996927685938364405e+01,-2.175371170043945312e+00,3.418174386024475098e-02
-2.311012744903564453e+00,4.643837809562683105e-01,5.000000000000000000e+01,-2.986978328514453551e+01,-2.237774372100830078e+00,2.851735427975654602e-02
-2.256131649017333984e+00,4.577675163745880127e-01,5.000000000000000000e+01,-2.971967278906651799e+01,-2.321995258331298828e+00,4.029858857393264771e-02
-2.365359783172607422e+00,4.512586891651153564e-01,5.000000000000000000e+01,-2.947229174842952659e+01,-2.196866035461425781e+00,9.682365506887435913e-02
-2.528860330581665039e+00,4.448649883270263672e-01,5.000000000000000000e+01,-2.905820764137910217e+01,-1.899298667907714844e+00,3.527667745947837830e-02
-2.541364431381225586e+00,4.385399818420410156e-01,5.000000000000000000e+01,-2.925043894456638682e+01,-1.973326086997985840e+00,4.999500513076782227e-02
-2.406285762786865234e+00,4.323445558547973633e-01,5.000000000000000000e+01,-2.960551184444004491e+01,-2.029030084609985352e+00,4.124530032277107239e-02
-2.453214645385742188e+00,4.262094497680664062e-01,5.000000000000000000e+01,-2.919279624043621624e+01,-1.820817708969116211e+00,5.356341227889060974e-02
-2.404393196105957031e+00,4.201552867889404297e-01,5.000000000000000000e+01,-2.909440865408693355e+01,-1.594850182533264160e+00,4.509184882044792175e-02
-2.539436817169189453e+00,4.142471551895141602e-01,5.000000000000000000e+01,-2.888887455636180945e+01,-1.504823088645935059e+00,4.348995536565780640e-02
-2.563608407974243164e+00,4.084353744983673096e-01,5.000000000000000000e+01,-2.884791395980976247e+01,-1.599396467208862305e+00,3.874599188566207886e-02
-2.469007730484008789e+00,4.026750326156616211e-01,5.000000000000000000e+01,-2.868317866984878250e+01,-1.384261965751647949e+00,4.702317342162132263e-02
-2.654723882675170898e+00,3.970171511173248291e-01,5.000000000000000000e+01,-2.831360727522251608e+01,-1.418351650238037109e+00,3.283706307411193848e-02
-2.692751884460449219e+00,3.914453387260437012e-01,5.000000000000000000e+01,-2.821141193024560678e+01,-1.304743051528930664e+00,3.902345523238182068e-02
-2.808043718338012695e+00,3.859389424324035645e-01,5.000000000000000000e+01,-2.787530601805739749e+01,-1.327676415443420410e+00,3.239069133996963501e-02
-2.797013282775878906e+00,3.805330693721771240e-01,5.000000000000000000e+01,-2.755659757700604118e+01,-1.310922145843505859e+00,2.643697336316108704e-02
-2.834532737731933594e+00,3.752068877220153809e-01,5.000000000000000000e+01,-2.735432037946846151e+01,-9.674222469329833984e-01,4.656936600804328918e-02
-2.684452056884765625e+00,3.699647486209869385e-01,5.000000000000000000e+01,-2.724832055777978823e+01,-1.011114478111267090e+00,3.865457326173782349e-02
-2.766690254211425781e+00,3.647929430007934570e-01,5.000000000000000000e+01,-2.702340367784447039e+01,-8.493560552597045898e-01,4.588185995817184448e-02
-2.973801374435424805e+00,3.597096502780914307e-01,5.000000000000000000e+01,-2.692941970381075478e+01,-8.461980223655700684e-01,2.205718308687210083e-02
-3.026743173599243164e+00,3.546832501888275146e-01,5.000000000000000000e+01,-2.702977957325114744e+01,-6.181450486183166504e-01,4.478066414594650269e-02
-2.826762676239013672e+00,3.497434556484222412e-01,5.000000000000000000e+01,-2.668547894391448594e+01,-7.364133000373840332e-01,3.620451316237449646e-02
-2.836105108261108398e+00,3.448685705661773682e-01,5.000000000000000000e+01,-2.686301525214630104e+01,-7.473163008689880371e-01,2.747066318988800049e-02
-3.039154052734375000e+00,3.401097357273101807e-01,5.000000000000000000e+01,-2.675831071211618806e+01,-5.398147106170654297e-01,2.385726198554039001e-02
-3.099091053009033203e+00,3.353930413722991943e-01,5.000000000000000000e+01,-2.658530910238595268e+01,-3.127659559249877930e-01,2.170966565608978271e-02
-2.966040134429931641e+00,3.307282924652099609e-01,5.000000000000000000e+01,-2.636072732637677518e+01,-1.305744647979736328e-01,2.902330085635185242e-02
-3.050890207290649414e+00,3.261421322822570801e-01,5.000000000000000000e+01,-2.623804846960445047e+01,-2.361229956150054932e-01,4.249968007206916809e-02
-2.940762996673583984e+00,3.216020762920379639e-01,5.000000000000000000e+01,-2.595157127322413615e+01,1.876429766416549683e-01,6.356465071439743042e-02
-3.362004280090332031e+00,3.171180486679077148e-01,5.000000000000000000e+01,-2.589583836531386041e+01,1.909370124340057373e-01,2.471813745796680450e-02
-3.236958026885986328e+00,3.127265572547912598e-01,5.000000000000000000e+01,-2.574149971749284305e+01,2.266039103269577026e-01,3.750373050570487976e-02
-3.116615772247314453e+00,3.083781599998474121e-01,5.000000000000000000e+01,-2.579372112498845482e+01,4.448713958263397217e-01,5.202342197299003601e-02
-3.003450393676757812e+00,3.040709197521209717e-01,5.000000000000000000e+01,-2.581083737628408059e+01,4.672799110412597656e-01,3.864059597253799438e-02
-3.264481544494628906e+00,2.998856902122497559e-01,5.000000000000000000e+01,-2.565838497355599657e+01,5.138310194015502930e-01,3.592595458030700684e-02
-3.255450487136840820e+00,2.957528233528137207e-01,5.000000000000000000e+01,-2.549634512954453669e+01,8.618800640106201172e-01,3.911625966429710388e-02
-3.234215736389160156e+00,2.916451096534729004e-01,5.000000000000000000e+01,-2.510942580522804235e+01,5.453093647956848145e-01,2.944695763289928436e-02
-3.087852478027343750e+00,2.876309454441070557e-01,5.000000000000000000e+01,-2.465743945105870338e+01,8.147946000099182129e-01,4.368390887975692749e-02
-3.354475975036621094e+00,2.836787104606628418e-01,5.000000000000000000e+01,-2.417284495787256660e+01,1.035812139511108398e+00,3.868209570646286011e-02
-3.309534072875976562e+00,2.797829806804656982e-01,5.000000000000000000e+01,-2.391987434263430501e+01,1.097636103630065918e+00,3.646927699446678162e-02
-3.293934822082519531e+00,2.759104073047637939e-01,5.000000000000000000e+01,-2.360132407176079639e+01,1.141242384910583496e+00,2.941461279988288879e-02
-3.436551332473754883e+00,2.721150517463684082e-01,5.000000000000000000e+01,-2.312231222821881715e+01,1.237886428833007812e+00,3.171716630458831787e-02
-3.361104488372802734e+00,2.683530449867248535e-01,5.000000000000000000e+01,-2.314729490736153750e+01,1.463413953781127930e+00,2.698670700192451477e-02
-3.666142940521240234e+00,2.646580040454864502e-01,5.000000000000000000e+01,-2.274368907464845435e+01,1.320876002311706543e+00,2.534716576337814331e-02
-3.259041309356689453e+00,2.610323727130889893e-01,5.000000000000000000e+01,-2.282925139240871104e+01,1.901792764663696289e+00,5.364513397216796875e-02
-3.579808473587036133e+00,2.574568688869476318e-01,5.000000000000000000e+01,-2.275047303573287749e+01,1.925953626632690430e+00,3.306389600038528442e-02
-3.472321033477783203e+00,2.539225220680236816e-01,5.000000000000000000e+01,-2.250786886754486460e+01,1.874865174293518066e+00,2.647106535732746124e-02
-3.329212427139282227e+00,2.504593431949615479e-01,5.000000000000000000e+01,-2.227053776059444701e+01,1.968675732612609863e+00,2.219182439148426056e-02
-3.596928119659423828e+00,2.470401972532272339e-01,5.000000000000000000e+01,-2.190782753478973177e+01,2.047549486160278320e+00,2.540423721075057983e-02
-3.691197395324707031e+00,2.436779588460922241e-01,5.000000000000000000e+01,-2.166098650166875217e+01,2.057395935058593750e+00,3.430587425827980042e-02
-3.473954677581787109e+00,2.403486073017120361e-01,5.000000000000000000e+01,-2.150015120441107541e+01,2.298006057739257812e+00,3.500263392925262451e-02
-3.586747407913208008e+00,2.370894402265548706e-01,5.000000000000000000e+01,-2.118969517117058743e+01,2.119679689407348633e+00,3.080043382942676544e-02
-3.641613006591796875e+00,2.338486015796661377e-01,5.000000000000000000e+01,-2.125195546591164231e+01,2.650488138198852539e+00,4.336294159293174744e-02
-3.608431577682495117e+00,2.306482195854187012e-01,5.000000000000000000e+01,-2.095291528785472579e+01,2.514847517013549805e+00,3.448522463440895081e-02
-3.555845260620117188e+00,2.275137603282928467e-01,5.000000000000000000e+01,-2.059214575080589427e+01,2.939023494720458984e+00,2.977085486054420471e-02
-3.393589019775390625e+00,2.244065105915069580e-01,5.000000000000000000e+01,-2.050371684056312205e+01,2.727126598358154297e+00,3.312763571739196777e-02
-3.536555290222167969e+00,2.213489711284637451e-01,5.000000000000000000e+01,-2.054222970349449184e+01,2.897112607955932617e+00,2.520369924604892731e-02
-3.816786527633666992e+00,2.183518409729003906e-01,5.000000000000000000e+01,-2.064930791604449922e+01,3.136214494705200195e+00,2.668945677578449249e-02
-3.492385149002075195e+00,2.153869718313217163e-01,5.000000000000000000e+01,-2.048407507981721665e+01,3.228048324584960938e+00,1.967414841055870056e-02
-3.799462795257568359e+00,2.124616652727127075e-01,5.000000000000000000e+01,-2.064025228960914404e+01,3.207868576049804688e+00,2.027187682688236237e-02
-3.640082359313964844e+00,2.095940262079238892e-01,5.000000000000000000e+01,-2.065224017299821213e+01,3.322150945663452148e+00,3.012529015541076660e-02
-3.798187255859375000e+00,2.067619711160659790e-01,5.000000000000000000e+01,-2.049586569169565209e+01,3.561453819274902344e+00,4.195108264684677124e-02
-3.492174386978149414e+00,2.039468288421630859e-01,5.000000000000000000e+01,-2.026875132649060163e+01,3.555608749389648438e+00,2.241289243102073669e-02
-3.640705823898315430e+00,2.011890560388565063e-01,5.000000000000000000e+01,-2.025813063463805719e+01,3.630112409591674805e+00,2.275818586349487305e-02
-3.831526041030883789e+00,1.984633058309555054e-01,5.000000000000000000e+01,-2.003039077414324964e+01,3.513503074645996094e+00,3.205865249037742615e-02
-3.893798112869262695e+00,1.957800388336181641e-01,5.000000000000000000e+01,-1.976630316885166749e+01,4.054189682006835938e+00,2.193056419491767883e-02
-3.620215415954589844e+00,1.931216418743133545e-01,5.000000000000000000e+01,-1.972294018057909071e+01,3.911467790603637695e+00,2.427888475358486176e-02
-3.986592292785644531e+00,1.905021369457244873e-01,5.000000000000000000e+01,-1.963377356206735769e+01,4.008918762207031250e+00,4.552900791168212891e-02
-3.787175893783569336e+00,1.879191696643829346e-01,5.000000000000000000e+01,-1.937208707716903788e+01,4.266694068908691406e+00,2.543125674128532410e-02
-3.888763904571533203e+00,1.853703558444976807e-01,5.000000000000000000e+01,-1.917666028136966716e+01,4.466381549835205078e+00,3.341452404856681824e-02
-3.625860214233398438e+00,1.828821450471878052e-01,5.000000000000000000e+01,-1.899229971866072120e+01,4.324763298034667969e+00,2.104657888412475586e-02
-3.974783897399902344e+00,1.804114878177642822e-01,5.000000000000000000e+01,-1.897846843267559791e+01,4.400904655456542969e+00,2.580654434859752655e-02
-3.658879280090332031e+00,1.780040115118026733e-01,5.000000000000000000e+01,-1.860396546921179706e+01,4.685529708862304688e+00,1.797047629952430725e-02
-3.752151489257812500e+00,1.756066828966140747e-01,5.000000000000000000e+01,-1.854767188318785998e+01,4.676702022552490234e+00,3.115688823163509369e-02
-4.020416736602783203e+00,1.732496023178100586e-01,5.000000000000000000e+01,-1.850740373143633377e+01,4.822623252868652344e+00,2.450171858072280884e-02
-4.093993663787841797e+00,1.709111630916595459e-01,5.000000000000000000e+01,-1.818740838527902071e+01,4.827862262725830078e+00,2.483876980841159821e-02
-4.084955215454101562e+00,1.686229109764099121e-01,5.000000000000000000e+01,-1.818338007901890663e+01,5.072340011596679688e+00,3.205602616071701050e-02
-3.927277326583862305e+00,1.663457602262496948e-01,5.000000000000000000e+01,-1.809152242776353603e+01,5.069770336151123047e+00,2.341266721487045288e-02
-3.928504228591918945e+00,1.641246229410171509e-01,5.000000000000000000e+01,-1.774188677086848287e+01,4.880193233489990234e+00,1.655765995383262634e-02
-4.011411666870117188e+00,1.619354635477066040e-01,5.000000000000000000e+01,-1.756762223464599515e+01,5.486660957336425781e+00,3.781019896268844604e-02
-4.047082901000976562e+00,1.597742438316345215e-01,5.000000000000000000e+01,-1.778332449986135444e+01,5.557474136352539062e+00,2.380915731191635132e-02
-3.911904811859130859e+00,1.576322615146636963e-01,5.000000000000000000e+01,-1.781388043024232104e+01,5.349762439727783203e+00,2.557206153869628906e-02
-3.687867879867553711e+00,1.555371582508087158e-01,5.000000000000000000e+01,-1.764196076066124519e+01,5.794819355010986328e+00,2.418466098606586456e-02
-3.802963018417358398e+00,1.534550786018371582e-01,5.000000000000000000e+01,-1.744463971935633140e+01,5.597654342651367188e+00,1.980664394795894623e-02
-3.959104061126708984e+00,1.514246016740798950e-01,5.000000000000000000e+01,-1.752313484390695919e+01,6.074094295501708984e+00,2.079346589744091034e-02
-3.720291376113891602e+00,1.493878811597824097e-01,5.000000000000000000e+01,-1.725580363165044417e+01,5.616964817047119141e+00,3.940669447183609009e-02
-3.850817203521728516e+00,1.474023759365081787e-01,5.000000000000000000e+01,-1.711747487419995650e+01,5.830086708068847656e+00,3.914012014865875244e-02
-3.717650413513183594e+00,1.454382985830307007e-01,5.000000000000000000e+01,-1.694216263861335392e+01,6.047178745269775391e+00,2.174174413084983826e-02
-3.735460042953491211e+00,1.435095816850662231e-01,5.000000000000000000e+01,-1.691917513536538564e+01,6.079457283020019531e+00,3.298249468207359314e-02
-3.835655689239501953e+00,1.415918767452239990e-01,5.000000000000000000e+01,-1.672667130094368915e+01,6.211006641387939453e+00,2.691762894392013550e-02
-4.155964851379394531e+00,1.397059410810470581e-01,5.000000000000000000e+01,-1.689486798371537191e+01,6.502670288085937500e+00,3.433326259255409241e-02
-4.143430709838867188e+00,1.378540843725204468e-01,5.000000000000000000e+01,-1.664317001571011545e+01,6.454291343688964844e+00,2.087772265076637268e-02
-3.892338991165161133e+00,1.360265016555786133e-01,5.000000000000000000e+01,-1.685074367846733168e+01,6.745651245117187500e+00,2.348941937088966370e-02
-3.918214321136474609e+00,1.341986507177352905e-01,5.000000000000000000e+01,-1.676304091575331867e+01,6.691025733947753906e+00,3.276420757174491882e-02
-4.307341575622558594e+00,1.324361562728881836e-01,5.000000000000000000e+01,-1.679311554603399870e+01,6.847091674804687500e+00,3.005062974989414215e-02
-3.772201538085937500e+00,1.306835561990737915e-01,5.000000000000000000e+01,-1.665964883543821173e+01,7.065723419189453125e+00,3.281595930457115173e-02
-3.816467285156250000e+00,1.289649456739425659e-01,5.000000000000000000e+01,-1.667760207398320560e+01,6.947018623352050781e+00,2.222430147230625153e-02
-3.777963399887084961e+00,1.272576153278350830e-01,5.000000000000000000e+01,-1.658892741955606809e+01,7.262939453125000000e+00,4.745685309171676636e-02
-3.748857259750366211e+00,1.256057024002075195e-01,5.000000000000000000e+01,-1.653253859800784298e+01,7.249638080596923828e+00,1.701523177325725555e-02
-4.412113666534423828e+00,1.239492595195770264e-01,5.000000000000000000e+01,-1.639793810586342815e+01,7.192390918731689453e+00,4.403879866003990173e-02
-4.280568122863769531e+00,1.223187148571014404e-01,5.000000000000000000e+01,-1.622230066770180201e+01,7.395287036895751953e+00,1.738310046494007111e-02
-3.999754905700683594e+00,1.207090988755226135e-01,5.000000000000000000e+01,-1.599611274010821838e+01,7.578068256378173828e+00,2.244132012128829956e-02
-4.096157073974609375e+00,1.191159784793853760e-01,5.000000000000000000e+01,-1.586784461547221170e+01,7.477282047271728516e+00,2.965591102838516235e-02
-3.571986436843872070e+00,1.175460740923881531e-01,5.000000000000000000e+01,-1.581786316689438898e+01,8.025629997253417969e+00,3.126176446676254272e-02
-4.077421665191650391e+00,1.159980148077011108e-01,5.000000000000000000e+01,-1.573705412465442244e+01,7.627146720886230469e+00,2.619400806725025177e-02
-4.081018924713134766e+00,1.144686266779899597e-01,5.000000000000000000e+01,-1.576309269060975815e+01,8.010892868041992188e+00,4.034125432372093201e-02
-4.544250488281250000e+00,1.129774227738380432e-01,5.000000000000000000e+01,-1.570203218610556739e+01,8.005883216857910156e+00,7.352788001298904419e-02
-4.161291599273681641e+00,1.114753410220146179e-01,5.000000000000000000e+01,-1.584219211055647669e+01,8.360837936401367188e+00,3.454988449811935425e-02
-3.838220834732055664e+00,1.100113019347190857e-01,5.000000000000000000e+01,-1.586061646314529661e+01,8.413510322570800781e+00,2.231155335903167725e-02
-3.600166320800781250e+00,1.085756793618202209e-01,5.000000000000000000e+01,-1.602147425646712264e+01,8.716339111328125000e+00,3.085102513432502747e-02
-4.191591739654541016e+00,1.071660742163658142e-01,5.000000000000000000e+01,-1.582821288457408038e+01,8.780265808105468750e+00,2.043011412024497986e-02
-3.699287652969360352e+00,1.057562604546546936e-01,5.000000000000000000e+01,-1.588550755683739801e+01,8.622920989990234375e+00,2.375762723386287689e-02
-4.228527069091796875e+00,1.043676808476448059e-01,5.000000000000000000e+01,-1.605459688020787468e+01,8.756605148315429688e+00,2.083911374211311340e-02
-3.823678255081176758e+00,1.030018702149391174e-01,5.000000000000000000e+01,-1.604506460658759792e+01,8.818028450012207031e+00,3.939681872725486755e-02
-4.423669338226318359e+00,1.016496270895004272e-01,5.000000000000000000e+01,-1.591301581742405880e+01,8.993330955505371094e+00,3.056958131492137909e-02
-3.529454231262207031e+00,1.003115698695182800e-01,5.000000000000000000e+01,-1.589785199116493253e+01,8.936317443847656250e+00,2.734815888106822968e-02
-3.680287361145019531e+00,9.901095181703567505e-02,5.000000000000000000e+01,-1.573737628740044769e+01,9.330273628234863281e+00,2.063260041177272797e-02
-4.046363830566406250e+00,9.772871434688568115e-02,5.000000000000000000e+01,-1.573439861068900747e+01,9.031623840332031250e+00,7.062604278326034546e-02
-4.110706329345703125e+00,9.646671265363693237e-02,5.000000000000000000e+01,-1.558070762644140750e+01,9.422147750854492188e+00,3.618273511528968811e-02
-3.631167173385620117e+00,9.520021826028823853e-02,5.000000000000000000e+01,-1.541735934208421455e+01,9.370859146118164062e+00,3.410942107439041138e-02
-4.154191493988037109e+00,9.397474676370620728e-02,5.000000000000000000e+01,-1.530598242492684413e+01,9.431304931640625000e+00,2.585949748754501343e-02
-3.896663427352905273e+00,9.276529401540756226e-02,5.000000000000000000e+01,-1.518413930781280285e+01,9.499048233032226562e+00,2.600877732038497925e-02
-3.607019424438476562e+00,9.156339615583419800e-02,5.000000000000000000e+01,-1.522721909089066727e+01,9.735768318176269531e+00,2.449463307857513428e-02
-3.761552333831787109e+00,9.037685394287109375e-02,5.000000000000000000e+01,-1.521917699209982544e+01,9.712912559509277344e+00,4.591193795204162598e-02
-3.994728565216064453e+00,8.921574801206588745e-02,5.000000000000000000e+01,-1.517205123843720216e+01,9.879246711730957031e+00,1.986765302717685699e-02
-3.897257328033447266e+00,8.807629346847534180e-02,5.000000000000000000e+01,-1.493095475619256973e+01,1.001345062255859375e+01,2.767312526702880859e-02
-3.702356338500976562e+00,8.693798631429672241e-02,5.000000000000000000e+01,-1.469432977137106278e+01,1.010511112213134766e+01,2.606042101979255676e-02
-4.164142608642578125e+00,8.581428974866867065e-02,5.000000000000000000e+01,-1.451434685285711979e+01,9.882726669311523438e+00,3.482347354292869568e-02
-3.773626804351806641e+00,8.469021320343017578e-02,5.000000000000000000e+01,-1.430858326714754547e+01,1.005252647399902344e+01,2.292237244546413422e-02
-3.927739143371582031e+00,8.359795808792114258e-02,5.000000000000000000e+01,-1.411335593180488779e+01,1.041610527038574219e+01,2.214765548706054688e-02
-3.693271160125732422e+00,8.253354579210281372e-02,5.000000000000000000e+01,-1.435624399120081485e+01,1.012554073333740234e+01,3.401200473308563232e-02
-3.623091220855712891e+00,8.148870617151260376e-02,5.000000000000000000e+01,-1.411407288532742399e+01,1.040668106079101562e+01,3.086890652775764465e-02
-3.489285945892333984e+00,8.043937385082244873e-02,5.000000000000000000e+01,-1.401674980952641469e+01,1.061008739471435547e+01,2.499425783753395081e-02
-3.985416889190673828e+00,7.940428704023361206e-02,5.000000000000000000e+01,-1.373893612874175396e+01,1.087188243865966797e+01,2.684137970209121704e-02
-3.862370967864990234e+00,7.839093357324600220e-02,5.000000000000000000e+01,-1.373897782256477562e+01,1.101828384399414062e+01,2.393138967454433441e-02
-3.599515914916992188e+00,7.738481462001800537e-02,5.000000000000000000e+01,-1.379657001674195449e+01,1.089266109466552734e+01,3.264880925416946411e-02
-3.056931495666503906e+00,7.640980184078216553e-02,5.000000000000000000e+01,-1.368808331281837098e+01,1.102867984771728516e+01,1.792649552226066589e-02
-4.052677154541015625e+00,7.544633746147155762e-02,5.000000000000000000e+01,-1.361541762145427725e+01,1.077985477447509766e+01,2.523597702383995056e-02
-3.729179859161376953e+00,7.450725883245468140e-02,5.000000000000000000e+01,-1.338353504217399603e+01,1.088442516326904297e+01,5.018262937664985657e-02
-3.963342666625976562e+00,7.358151674270629883e-02,5.000000000000000000e+01,-1.336519103151421461e+01,1.125342464447021484e+01,1.961392164230346680e-02
-3.766069173812866211e+00,7.265915721654891968e-02,5.000000000000000000e+01,-1.304964292496137013e+01,1.109157371520996094e+01,4.479588940739631653e-02
-3.708103656768798828e+00,7.175591588020324707e-02,5.000000000000000000e+01,-1.285097442065782580e+01,1.174439907073974609e+01,3.894720971584320068e-02
-3.074068307876586914e+00,7.086895406246185303e-02,5.000000000000000000e+01,-1.304335202783972925e+01,1.154381847381591797e+01,2.567810565233230591e-02
-3.534902811050415039e+00,7.000542432069778442e-02,5.000000000000000000e+01,-1.320183180196437078e+01,1.143929481506347656e+01,1.794751361012458801e-02
-3.501824140548706055e+00,6.914966553449630737e-02,5.000000000000000000e+01,-1.293568999486896232e+01,1.162888813018798828e+01,2.966754697263240814e-02
-4.063801765441894531e+00,6.830534338951110840e-02,5.000000000000000000e+01,-1.298729140289336925e+01,1.189326763153076172e+01,3.242822363972663879e-02
-3.221692562103271484e+00,6.746717542409896851e-02,5.000000000000000000e+01,-1.276902563350479269e+01,1.168038558959960938e+01,3.445894643664360046e-02
-3.665437459945678711e+00,6.665749102830886841e-02,5.000000000000000000e+01,-1.298644555387341448e+01,1.184890174865722656e+01,3.728714585304260254e-02
-3.653199672698974609e+00,6.584433466196060181e-02,5.000000000000000000e+01,-1.302525597949049541e+01,1.180922698974609375e+01,2.501816302537918091e-02
-3.625232934951782227e+00,6.504271179437637329e-02,5.000000000000000000e+01,-1.307817757157182470e+01,1.218192958831787109e+01,4.954700171947479248e-02
-4.092084407806396484e+00,6.425489485263824463e-02,5.000000000000000000e+01,-1.318199343843224547e+01,1.179357910156250000e+01,1.970331929624080658e-02
-2.951659917831420898e+00,6.348865479230880737e-02,5.000000000000000000e+01,-1.296021450626076010e+01,1.233159923553466797e+01,3.396318852901458740e-02
-3.595632553100585938e+00,6.270507723093032837e-02,5.000000000000000000e+01,-1.294591370223048443e+01,1.233089065551757812e+01,2.565340511500835419e-02
-3.439100742340087891e+00,6.196843832731246948e-02,5.000000000000000000e+01,-1.295290453809801967e+01,1.244889068603515625e+01,3.873541206121444702e-02
-3.251368284225463867e+00,6.121724471449851990e-02,5.000000000000000000e+01,-1.285703268787502473e+01,1.238553619384765625e+01,2.768193185329437256e-02
-3.293628692626953125e+00,6.050131469964981079e-02,5.000000000000000000e+01,-1.266380740252627923e+01,1.214385318756103516e+01,2.239305898547172546e-02
-3.583629369735717773e+00,5.977641046047210693e-02,5.000000000000000000e+01,-1.267779079511579177e+01,1.258552074432373047e+01,3.126537054777145386e-02
-3.136983871459960938e+00,5.906137824058532715e-02,5.000000000000000000e+01,-1.290100073963556859e+01,1.239295673370361328e+01,6.176165863871574402e-02
-2.822555780410766602e+00,5.836535990238189697e-02,5.000000000000000000e+01,-1.281868298997749456e+01,1.274527931213378906e+01,5.822658166289329529e-02
-2.948297500610351562e+00,5.767313018441200256e-02,5.000000000000000000e+01,-1.262466058681637371e+01,1.278254604339599609e+01,4.315014183521270752e-02
-3.553503513336181641e+00,5.700443685054779053e-02,5.000000000000000000e+01,-1.270657979255813963e+01,1.267796421051025391e+01,2.768631838262081146e-02
-3.236428260803222656e+00,5.634989216923713684e-02,5.000000000000000000e+01,-1.254732115645844459e+01,1.262689781188964844e+01,2.105160616338253021e-02
-3.616550683975219727e+00,5.569589510560035706e-02,5.000000000000000000e+01,-1.242759513554186235e+01,1.273496723175048828e+01,4.339069873094558716e-02
-3.300011873245239258e+00,5.504805222153663635e-02,5.000000000000000000e+01,-1.231906035287297208e+01,1.315854263305664062e+01,3.397903591394424438e-02
-2.893971443176269531e+00,5.441172048449516296e-02,5.000000000000000000e+01,-1.209082481382055896e+01,1.291764640808105469e+01,3.136572614312171936e-02
-3.497641324996948242e+00,5.380201712250709534e-02,5.000000000000000000e+01,-1.194549003628516815e+01,1.300975418090820312e+01,2.799756079912185669e-02
-2.830639362335205078e+00,5.319681018590927124e-02,5.000000000000000000e+01,-1.175335521187687782e+01,1.324997234344482422e+01,2.469310536980628967e-02
-2.803107023239135742e+00,5.260220170021057129e-02,5.000000000000000000e+01,-1.174116347339760758e+01,1.311176490783691406e+01,3.616060316562652588e-02
-2.822520494461059570e+00,5.200174078345298767e-02,5.000000000000000000e+01,-1.151564837891921655e+01,1.307172679901123047e+01,2.254811301827430725e-02
-3.712581634521484375e+00,5.139673501253128052e-02,5.000000000000000000e+01,-1.129843802145007281e+01,1.321849441528320312e+01,3.055030852556228638e-02
-2.863981962203979492e+00,5.082343146204948425e-02,5.000000000000000000e+01,-1.138245226196989712e+01,1.293936634063720703e+01,2.777975052595138550e-02
-3.033406257629394531e+00,5.027670785784721375e-02,5.000000000000000000e+01,-1.120251346371960288e+01,1.352778148651123047e+01,2.464605681598186493e-02
-3.248615503311157227e+00,4.971984401345252991e-02,5.000000000000000000e+01,-1.099760542750623316e+01,1.332327461242675781e+01,1.619869470596313477e-02
-3.209366083145141602e+00,4.916539043188095093e-02,5.000000000000000000e+01,-1.093609405937641199e+01,1.368905258178710938e+01,1.373807992786169052e-02
-2.087272882461547852e+00,4.862233251333236694e-02,5.000000000000000000e+01,-1.083886485573744629e+01,1.360040664672851562e+01,1.920857280492782593e-02
-3.042873144149780273e+00,4.808542132377624512e-02,5.000000000000000000e+01,-1.086907171046528120e+01,1.336693286895751953e+01,2.610288746654987335e-02
-2.981158494949340820e+00,4.755193740129470825e-02,5.000000000000000000e+01,-1.094948519689108579e+01,1.343489933013916016e+01,2.401437237858772278e-02
-3.024990558624267578e+00,4.702112823724746704e-02,5.000000000000000000e+01,-1.087273845986106835e+01,1.353531551361083984e+01,2.498552203178405762e-02
-2.770922660827636719e+00,4.649658873677253723e-02,5.000000000000000000e+01,-1.079201787930384882e+01,1.350584316253662109e+01,3.322319686412811279e-02
-2.581456661224365234e+00,4.599101468920707703e-02,5.000000000000000000e+01,-1.053433005560415836e+01,1.372690010070800781e+01,2.593452669680118561e-02
-3.024610519409179688e+00,4.548372700810432434e-02,5.000000000000000000e+01,-1.045733438487322609e+01,1.343979644775390625e+01,1.693009771406650543e-02
-1.846511363983154297e+00,4.498643055558204651e-02,5.000000000000000000e+01,-1.071084855428556715e+01,1.385641956329345703e+01,2.454601041972637177e-02
-2.141696453094482422e+00,4.450256749987602234e-02,5.000000000000000000e+01,-1.051510655868116828e+01,1.362264728546142578e+01,1.765162497758865356e-02
-2.987123012542724609e+00,4.401734098792076111e-02,5.000000000000000000e+01,-1.025405481435271504e+01,1.374110794067382812e+01,2.151154726743698120e-02
-2.604396343231201172e+00,4.353997111320495605e-02,5.000000000000000000e+01,-1.013411595181545799e+01,1.382348537445068359e+01,2.131746709346771240e-02
-1.704547643661499023e+00,4.306031391024589539e-02,5.000000000000000000e+01,-1.025086424224211967e+01,1.379158782958984375e+01,2.720520272850990295e-02
-2.498850107192993164e+00,4.258577525615692139e-02,5.000000000000000000e+01,-1.041230998433414712e+01,1.379593658447265625e+01,2.560316771268844604e-02
-2.967965602874755859e+00,4.211370646953582764e-02,5.000000000000000000e+01,-1.038799854682470958e+01,1.406451034545898438e+01,2.324624918401241302e-02
-1.933550596237182617e+00,4.165921732783317566e-02,5.000000000000000000e+01,-1.018977297699628082e+01,1.415541267395019531e+01,2.399462275207042694e-02
-2.600184202194213867e+00,4.122584313154220581e-02,5.000000000000000000e+01,-1.030883471129846640e+01,1.421476554870605469e+01,1.603520847856998444e-02
-3.123367786407470703e+00,4.077628627419471741e-02,5.000000000000000000e+01,-1.009018260392327448e+01,1.388092803955078125e+01,2.434461750090122223e-02
-2.000751018524169922e+00,4.034659639000892639e-02,5.000000000000000000e+01,-9.855780522127302490e+00,1.413459396362304688e+01,2.129776217043399811e-02
-2.406937837600708008e+00,3.992655500769615173e-02,5.000000000000000000e+01,-9.729602185466207587e+00,1.385256958007812500e+01,3.673017024993896484e-02
-1.888541340827941895e+00,3.949286043643951416e-02,5.000000000000000000e+01,-9.659571206088045869e+00,1.400633621215820312e+01,1.830783113837242126e-02
-2.331557273864746094e+00,3.907794505357742310e-02,5.000000000000000000e+01,-9.547178991491779954e+00,1.391444206237792969e+01,2.616176381707191467e-02
-2.282630205154418945e+00,3.866411373019218445e-02,5.000000000000000000e+01,-9.475516835225663570e+00,1.427756023406982422e+01,1.740908622741699219e-02
-1.615933895111083984e+00,3.825201094150543213e-02,5.000000000000000000e+01,-9.453160740987897270e+00,1.416131591796875000e+01,2.222072333097457886e-02
-2.083677768707275391e+00,3.784551098942756653e-02,5.000000000000000000e+01,-9.561302886691347425e+00,1.427795696258544922e+01,1.609998010098934174e-02
-1.965483665466308594e+00,3.743878006935119629e-02,5.000000000000000000e+01,-9.437001601213344415e+00,1.391412258148193359e+01,9.903601370751857758e-03
-3.429479122161865234e+00,3.704680129885673523e-02,5.000000000000000000e+01,-9.455196575403778780e+00,1.437280368804931641e+01,1.510065048933029175e-02
-1.327946782112121582e+00,3.664999082684516907e-02,5.000000000000000000e+01,-9.516212341694076926e+00,1.453219223022460938e+01,1.476409099996089935e-02
-2.205250501632690430e+00,3.625569865107536316e-02,5.000000000000000000e+01,-9.378520677697151697e+00,1.440094184875488281e+01,1.473867986351251602e-02
