-3.522027134895324707e-01,9.704067707061767578e-01,1.000000000000000000e+02,-7.814583886763120546e+00,-9.194196701049804688e+00,5.966565012931823730e-01
-6.982884407043457031e-01,9.416887164115905762e-01,1.000000000000000000e+02,-1.548578058013399072e+01,-1.104282569885253906e+01,5.672920346260070801e-01
-1.048429012298583984e+00,9.138405323028564453e-01,1.000000000000000000e+02,-2.277061218606248971e+01,-1.337241744995117188e+01,3.149607181549072266e-01
-1.418785810470581055e+00,8.868349194526672363e-01,1.000000000000000000e+02,-2.953756169268686449e+01,-1.544844245910644531e+01,4.692368507385253906e-01
-1.748701572418212891e+00,8.606461882591247559e-01,1.000000000000000000e+02,-3.581932630549540875e+01,-1.725116729736328125e+01,2.946231365203857422e-01
-2.105898141860961914e+00,8.352568149566650391e-01,1.000000000000000000e+02,-4.203697168956004049e+01,-1.928016281127929688e+01,2.655741870403289795e-01
-2.463602781295776367e+00,8.106390833854675293e-01,1.000000000000000000e+02,-4.767585392948848977e+01,-2.103773498535156250e+01,1.712041348218917847e-01
-2.812665939331054688e+00,7.867309451103210449e-01,1.000000000000000000e+02,-5.304981295349222137e+01,-2.296365356445312500e+01,2.766565382480621338e-01
-3.165234327316284180e+00,7.635102272033691406e-01,1.000000000000000000e+02,-5.786570346243656360e+01,-2.447601127624511719e+01,1.663351804018020630e-01
-3.517954111099243164e+00,7.409806847572326660e-01,1.000000000000000000e+02,-6.260555323683069417e+01,-2.613049697875976562e+01,1.448949277400970459e-01
-3.896387815475463867e+00,7.190968394279479980e-01,1.000000000000000000e+02,-6.709437671234370271e+01,-2.762840080261230469e+01,2.353317439556121826e-01
-4.221426486968994141e+00,6.978463530540466309e-01,1.000000000000000000e+02,-7.178703419406085118e+01,-2.866659545898437500e+01,2.385103702545166016e-01
-4.555520057678222656e+00,6.772314310073852539e-01,1.000000000000000000e+02,-7.579838621686009503e+01,-2.957316207885742188e+01,2.773082852363586426e-01
-4.894165039062500000e+00,6.572185158729553223e-01,1.000000000000000000e+02,-8.055453653113968926e+01,-3.090854644775390625e+01,1.660358011722564697e-01
-5.222863197326660156e+00,6.377819776535034180e-01,1.000000000000000000e+02,-8.354600639150586971e+01,-3.181524658203125000e+01,1.223599016666412354e-01
-5.632527351379394531e+00,6.189354062080383301e-01,1.000000000000000000e+02,-8.629393309627307929e+01,-3.274809265136718750e+01,2.476181238889694214e-01
-6.026891708374023438e+00,6.006596684455871582e-01,1.000000000000000000e+02,-8.935520532790116022e+01,-3.389854812622070312e+01,2.202358841896057129e-01
-6.265820503234863281e+00,5.829175710678100586e-01,1.000000000000000000e+02,-9.211240671300960514e+01,-3.439987182617187500e+01,1.639115512371063232e-01
-6.688142776489257812e+00,5.657055974006652832e-01,1.000000000000000000e+02,-9.510515475113356842e+01,-3.513265609741210938e+01,2.341270744800567627e-01
-6.995518207550048828e+00,5.490062832832336426e-01,1.000000000000000000e+02,-9.750120357463663368e+01,-3.574254608154296875e+01,1.955626010894775391e-01
-7.380549907684326172e+00,5.328068137168884277e-01,1.000000000000000000e+02,-1.000728259269460807e+02,-3.597412109375000000e+01,1.829388141632080078e-01
-7.718603610992431641e+00,5.171042680740356445e-01,1.000000000000000000e+02,-1.020762965304520264e+02,-3.626732254028320312e+01,2.213609665632247925e-01
-7.994814872741699219e+00,5.018661022186279297e-01,1.000000000000000000e+02,-1.047460884337391889e+02,-3.661775207519531250e+01,1.578798741102218628e-01
-8.398244857788085938e+00,4.870858788490295410e-01,1.000000000000000000e+02,-1.068862140221849586e+02,-3.684638214111328125e+01,2.112127840518951416e-01
-8.693479537963867188e+00,4.727437794208526611e-01,1.000000000000000000e+02,-1.076641691203008691e+02,-3.745863723754882812e+01,1.777358800172805786e-01
-9.098308563232421875e+00,4.588400125503540039e-01,1.000000000000000000e+02,-1.090927266021733715e+02,-3.706290435791015625e+01,1.409778147935867310e-01
-9.407498359680175781e+00,4.453585147857666016e-01,1.000000000000000000e+02,-1.100189424897346129e+02,-3.784669113159179688e+01,1.453093290328979492e-01
-9.636772155761718750e+00,4.322763681411743164e-01,1.000000000000000000e+02,-1.116005916821939792e+02,-3.741708374023437500e+01,1.326936632394790649e-01
-1.009200191497802734e+01,4.195877909660339355e-01,1.000000000000000000e+02,-1.124245424000660734e+02,-3.780571365356445312e+01,1.306900680065155029e-01
-1.045845699310302734e+01,4.072813391685485840e-01,1.000000000000000000e+02,-1.135269327209549601e+02,-3.784737014770507812e+01,1.067889332771301270e-01
-1.079615116119384766e+01,3.953486979007720947e-01,1.000000000000000000e+02,-1.146796597068351389e+02,-3.768803787231445312e+01,7.108990848064422607e-02
-1.100636386871337891e+01,3.837758898735046387e-01,1.000000000000000000e+02,-1.158172353713305966e+02,-3.747426605224609375e+01,1.440541595220565796e-01
-1.139222812652587891e+01,3.725633323192596436e-01,1.000000000000000000e+02,-1.161999288770924608e+02,-3.763673019409179688e+01,9.870197623968124390e-02
-1.159970283508300781e+01,3.616828918457031250e-01,1.000000000000000000e+02,-1.172475269641574442e+02,-3.719650268554687500e+01,1.610030680894851685e-01
-1.174484634399414062e+01,3.511230945587158203e-01,1.000000000000000000e+02,-1.176150855218938176e+02,-3.746388626098632812e+01,1.555734872817993164e-01
-1.220884704589843750e+01,3.409034013748168945e-01,1.000000000000000000e+02,-1.181795782446945680e+02,-3.638298797607421875e+01,1.166092008352279663e-01
-1.264804267883300781e+01,3.309916853904724121e-01,1.000000000000000000e+02,-1.180977598352296098e+02,-3.688361358642578125e+01,6.984578073024749756e-02
-1.265193843841552734e+01,3.213703334331512451e-01,1.000000000000000000e+02,-1.181423028989456583e+02,-3.614347076416015625e+01,1.182363629341125488e-01
-1.324596309661865234e+01,3.120507895946502686e-01,1.000000000000000000e+02,-1.182655325557476118e+02,-3.601983261108398438e+01,1.245466768741607666e-01
-1.340859699249267578e+01,3.030021190643310547e-01,1.000000000000000000e+02,-1.181597217829570354e+02,-3.520689773559570312e+01,1.174124777317047119e-01
-1.373156929016113281e+01,2.942160665988922119e-01,1.000000000000000000e+02,-1.177159982334434147e+02,-3.515153884887695312e+01,8.734388649463653564e-02
-1.393321228027343750e+01,2.856909930706024170e-01,1.000000000000000000e+02,-1.174312133006124554e+02,-3.434561538696289062e+01,9.412676841020584106e-02
-1.455805778503417969e+01,2.774267494678497314e-01,1.000000000000000000e+02,-1.171179804219727743e+02,-3.436974334716796875e+01,8.622101694345474243e-02
-1.430477714538574219e+01,2.694118022918701172e-01,1.000000000000000000e+02,-1.169446932342010541e+02,-3.357822418212890625e+01,1.402421593666076660e-01
-1.475041389465332031e+01,2.616414725780487061e-01,1.000000000000000000e+02,-1.164791644960748158e+02,-3.334310531616210938e+01,1.062996163964271545e-01
-1.516860580444335938e+01,2.541163265705108643e-01,1.000000000000000000e+02,-1.159168665458794862e+02,-3.160228919982910156e+01,6.549366563558578491e-02
-1.548645210266113281e+01,2.468128651380538940e-01,1.000000000000000000e+02,-1.156644752922292412e+02,-3.281869888305664062e+01,5.687269195914268494e-02
-1.544747066497802734e+01,2.397346347570419312e-01,1.000000000000000000e+02,-1.150293548158563652e+02,-3.170453834533691406e+01,7.279055565595626831e-02
-1.603990173339843750e+01,2.328661680221557617e-01,1.000000000000000000e+02,-1.148732628520495638e+02,-3.115913391113281250e+01,6.675984710454940796e-02
-1.607475471496582031e+01,2.262070327997207642e-01,1.000000000000000000e+02,-1.141347302370997738e+02,-3.074617576599121094e+01,6.223727762699127197e-02
-1.641280746459960938e+01,2.197442054748535156e-01,1.000000000000000000e+02,-1.136200605088225757e+02,-3.027006530761718750e+01,8.560481667518615723e-02
-1.654334259033203125e+01,2.134720385074615479e-01,1.000000000000000000e+02,-1.125687794863198690e+02,-2.885641098022460938e+01,8.088211715221405029e-02
-1.728311347961425781e+01,2.074057459831237793e-01,1.000000000000000000e+02,-1.117404099193949207e+02,-2.831835365295410156e+01,7.618933916091918945e-02
-1.663982963562011719e+01,2.015018761157989502e-01,1.000000000000000000e+02,-1.109228936145658224e+02,-2.822287750244140625e+01,6.686902791261672974e-02
-1.670548629760742188e+01,1.957872509956359863e-01,1.000000000000000000e+02,-1.104232310685768823e+02,-2.747266387939453125e+01,7.210795581340789795e-02
-1.744048881530761719e+01,1.902457028627395630e-01,1.000000000000000000e+02,-1.092228296957700735e+02,-2.640240287780761719e+01,7.097149640321731567e-02
-1.727324485778808594e+01,1.848625838756561279e-01,1.000000000000000000e+02,-1.090387268368928915e+02,-2.591945075988769531e+01,6.636698544025421143e-02
-1.776136779785156250e+01,1.796489208936691284e-01,1.000000000000000000e+02,-1.082689247206902792e+02,-2.579076194763183594e+01,5.463283509016036987e-02
-1.803622817993164062e+01,1.745827645063400269e-01,1.000000000000000000e+02,-1.074982563000589266e+02,-2.499386787414550781e+01,4.216246679425239563e-02
-1.788389968872070312e+01,1.696681380271911621e-01,1.000000000000000000e+02,-1.067927015867681177e+02,-2.370316123962402344e+01,5.752225965261459351e-02
-1.803861999511718750e+01,1.648967862129211426e-01,1.000000000000000000e+02,-1.056253050893317891e+02,-2.392956542968750000e+01,6.549268960952758789e-02
-1.904193115234375000e+01,1.602748036384582520e-01,1.000000000000000000e+02,-1.046744538674433471e+02,-2.243595123291015625e+01,5.410154163837432861e-02
-1.923626708984375000e+01,1.557977497577667236e-01,1.000000000000000000e+02,-1.038189754655790153e+02,-2.197808074951171875e+01,5.465256795287132263e-02
-1.943682861328125000e+01,1.514455676078796387e-01,1.000000000000000000e+02,-1.028088967604926154e+02,-2.152021408081054688e+01,5.515535920858383179e-02
-1.873896026611328125e+01,1.472209244966506958e-01,1.000000000000000000e+02,-1.021400029551963655e+02,-2.109431457519531250e+01,4.127544909715652466e-02
-1.903749275207519531e+01,1.431260257959365845e-01,1.000000000000000000e+02,-1.012257702013394720e+02,-1.974402236938476562e+01,4.500634595751762390e-02
-1.897871017456054688e+01,1.391520649194717407e-01,1.000000000000000000e+02,-1.005720144044396420e+02,-1.871196365356445312e+01,6.501389294862747192e-02
-1.925834465026855469e+01,1.352927237749099731e-01,1.000000000000000000e+02,-9.964843918962229452e+01,-1.841663742065429688e+01,3.648788854479789734e-02
-1.962629508972167969e+01,1.315388977527618408e-01,1.000000000000000000e+02,-9.843023886210178830e+01,-1.766431999206542969e+01,2.865487895905971527e-02
-1.880639266967773438e+01,1.279061883687973022e-01,1.000000000000000000e+02,-9.734233987609718497e+01,-1.732425117492675781e+01,3.103825822472572327e-02
-1.971116828918457031e+01,1.243800446391105652e-01,1.000000000000000000e+02,-9.636342752908946352e+01,-1.589467430114746094e+01,3.801754862070083618e-02
-2.016780471801757812e+01,1.209628507494926453e-01,1.000000000000000000e+02,-9.513429807816309847e+01,-1.569454669952392578e+01,4.106944799423217773e-02
-1.926956748962402344e+01,1.176456883549690247e-01,1.000000000000000000e+02,-9.382875882668862744e+01,-1.519278812408447266e+01,3.500500321388244629e-02
-1.997899055480957031e+01,1.144313514232635498e-01,1.000000000000000000e+02,-9.306388441423848690e+01,-1.457552146911621094e+01,4.093376174569129944e-02
-1.912118339538574219e+01,1.113078147172927856e-01,1.000000000000000000e+02,-9.257480731626134229e+01,-1.352907276153564453e+01,3.413292393088340759e-02
-1.974826812744140625e+01,1.082724556326866150e-01,1.000000000000000000e+02,-9.147888916311814000e+01,-1.271507930755615234e+01,4.554035142064094543e-02
-1.985626411437988281e+01,1.053187176585197449e-01,1.000000000000000000e+02,-9.047100853484214156e+01,-1.221969985961914062e+01,2.406417578458786011e-02
-1.986592674255371094e+01,1.024619936943054199e-01,1.000000000000000000e+02,-9.015049275847306376e+01,-1.133831024169921875e+01,4.435042291879653931e-02
-1.985980224609375000e+01,9.968770295381546021e-02,1.000000000000000000e+02,-8.963601174387208914e+01,-1.153744792938232422e+01,4.270152002573013306e-02
-2.028818702697753906e+01,9.698896855115890503e-02,1.000000000000000000e+02,-8.903726625742834244e+01,-1.022758102416992188e+01,4.409728571772575378e-02
-1.965940856933593750e+01,9.436264634132385254e-02,1.000000000000000000e+02,-8.780848691744688495e+01,-9.522489547729492188e+00,3.636131435632705688e-02
-2.111426544189453125e+01,9.180089086294174194e-02,1.000000000000000000e+02,-8.710887636618426200e+01,-8.732467651367187500e+00,3.380971029400825500e-02
-2.119979667663574219e+01,8.932037651538848877e-02,1.000000000000000000e+02,-8.604324469670874009e+01,-8.624493598937988281e+00,3.368463367223739624e-02
-2.004961585998535156e+01,8.691239356994628906e-02,1.000000000000000000e+02,-8.480871660687277824e+01,-7.195812225341796875e+00,4.376257210969924927e-02
-2.012869644165039062e+01,8.457439392805099487e-02,1.000000000000000000e+02,-8.406678720953968309e+01,-6.506193161010742188e+00,2.822576835751533508e-02
-2.024435997009277344e+01,8.229523897171020508e-02,1.000000000000000000e+02,-8.310449141227307734e+01,-6.068538188934326172e+00,3.403283655643463135e-02
-1.963554763793945312e+01,8.008375018835067749e-02,1.000000000000000000e+02,-8.266469342647567942e+01,-5.471601009368896484e+00,2.859541587531566620e-02
-2.045940017700195312e+01,7.792970538139343262e-02,1.000000000000000000e+02,-8.213239938404583995e+01,-4.803705215454101562e+00,4.284169897437095642e-02
-2.037688064575195312e+01,7.584222406148910522e-02,1.000000000000000000e+02,-8.085952909528583632e+01,-4.197287559509277344e+00,2.488592080771923065e-02
-1.965495300292968750e+01,7.382103800773620605e-02,1.000000000000000000e+02,-7.984114957700647608e+01,-3.987293481826782227e+00,2.006976492702960968e-02
-1.996625709533691406e+01,7.185786217451095581e-02,1.000000000000000000e+02,-7.874410748937206961e+01,-2.587845087051391602e+00,3.294622153043746948e-02
-2.070945167541503906e+01,6.995051354169845581e-02,1.000000000000000000e+02,-7.785185710547946769e+01,-3.494963407516479492e+00,2.746487408876419067e-02
-1.977297973632812500e+01,6.809064745903015137e-02,1.000000000000000000e+02,-7.706721344098755822e+01,-1.845570802688598633e+00,2.828699536621570587e-02
-2.112730789184570312e+01,6.628544628620147705e-02,1.000000000000000000e+02,-7.668830247401091071e+01,-1.120328783988952637e+00,2.881028689444065094e-02
-2.028623580932617188e+01,6.453439593315124512e-02,1.000000000000000000e+02,-7.621933771940830127e+01,-7.616043686866760254e-01,3.477888926863670349e-02
-1.922026062011718750e+01,6.282895803451538086e-02,1.000000000000000000e+02,-7.530668634663172156e+01,-2.403695434331893921e-01,3.363426774740219116e-02
-2.112231254577636719e+01,6.116463616490364075e-02,1.000000000000000000e+02,-7.419304609659249650e+01,1.135561615228652954e-01,3.577286377549171448e-02
-1.949046134948730469e+01,5.954758077859878540e-02,1.000000000000000000e+02,-7.348400188414183276e+01,7.804896831512451172e-01,3.936029970645904541e-02
-1.992887687683105469e+01,5.797731503844261169e-02,1.000000000000000000e+02,-7.281903931414369424e+01,1.460773706436157227e+00,3.303194046020507812e-02
-2.093798065185546875e+01,5.643273890018463135e-02,1.000000000000000000e+02,-7.171709428094689542e+01,1.451129198074340820e+00,3.388164192438125610e-02
-1.906793975830078125e+01,5.494238436222076416e-02,1.000000000000000000e+02,-7.164612599135305970e+01,2.311395168304443359e+00,3.338598459959030151e-02
-1.935367965698242188e+01,5.349639058113098145e-02,1.000000000000000000e+02,-7.062578844423291002e+01,2.675461292266845703e+00,4.465820640325546265e-02
-1.865417289733886719e+01,5.208441242575645447e-02,1.000000000000000000e+02,-7.039137058896655219e+01,3.488686800003051758e+00,2.905870974063873291e-02
-1.956657981872558594e+01,5.071916058659553528e-02,1.000000000000000000e+02,-6.997152795487380672e+01,3.875302553176879883e+00,2.827164344489574432e-02
-1.976713180541992188e+01,4.940187186002731323e-02,1.000000000000000000e+02,-6.936892777828542478e+01,4.134647846221923828e+00,2.634100802242755890e-02
-2.018911552429199219e+01,4.810990393161773682e-02,1.000000000000000000e+02,-6.844189433324822858e+01,4.842118263244628906e+00,5.479304865002632141e-02
-2.002775382995605469e+01,4.685844108462333679e-02,1.000000000000000000e+02,-6.848595023168985563e+01,5.395189285278320312e+00,3.605628013610839844e-02
-1.900385284423828125e+01,4.564624279737472534e-02,1.000000000000000000e+02,-6.766208890236750051e+01,6.092606544494628906e+00,2.609451487660408020e-02
-1.865948295593261719e+01,4.447304084897041321e-02,1.000000000000000000e+02,-6.728419233831448310e+01,6.326839447021484375e+00,2.546034753322601318e-02
-1.928053855895996094e+01,4.332291334867477417e-02,1.000000000000000000e+02,-6.653636549259324795e+01,6.814254283905029297e+00,2.979087084531784058e-02
-1.760195922851562500e+01,4.220519587397575378e-02,1.000000000000000000e+02,-6.559778020906246354e+01,7.001927852630615234e+00,2.953886985778808594e-02
-1.846430397033691406e+01,4.112695530056953430e-02,1.000000000000000000e+02,-6.490785616353443288e+01,8.041677474975585938e+00,2.653492987155914307e-02
-1.778434753417968750e+01,4.007989913225173950e-02,1.000000000000000000e+02,-6.407164006686623736e+01,8.317550659179687500e+00,2.526804618537425995e-02
-1.706003189086914062e+01,3.905778750777244568e-02,1.000000000000000000e+02,-6.378163092547684698e+01,8.313041687011718750e+00,2.613551728427410126e-02
-1.832293319702148438e+01,3.807681053876876831e-02,1.000000000000000000e+02,-6.332968415994973554e+01,9.053977966308593750e+00,3.729835152626037598e-02
-1.822997474670410156e+01,3.711389377713203430e-02,1.000000000000000000e+02,-6.314777057609896360e+01,9.716117858886718750e+00,2.252022549510002136e-02
-1.781786155700683594e+01,3.618022054433822632e-02,1.000000000000000000e+02,-6.278113527847511222e+01,9.891704559326171875e+00,2.315254509449005127e-02
-1.720958137512207031e+01,3.527072444558143616e-02,1.000000000000000000e+02,-6.281190874561879411e+01,1.052873420715332031e+01,2.366501092910766602e-02
-1.658244895935058594e+01,3.438425436615943909e-02,1.000000000000000000e+02,-6.209938607687809053e+01,1.078850746154785156e+01,3.364946693181991577e-02
-1.795105361938476562e+01,3.352984786033630371e-02,1.000000000000000000e+02,-6.174855382788225455e+01,1.178436279296875000e+01,1.791905984282493591e-02
-1.706584739685058594e+01,3.270058706402778625e-02,1.000000000000000000e+02,-6.138750025286929457e+01,1.194624614715576172e+01,2.064520493149757385e-02
-1.535243606567382812e+01,3.189032152295112610e-02,1.000000000000000000e+02,-6.121067505373176942e+01,1.216289710998535156e+01,2.486726641654968262e-02
-1.463992977142333984e+01,3.110676445066928864e-02,1.000000000000000000e+02,-6.056217858616778216e+01,1.253017997741699219e+01,2.469652518630027771e-02
-1.662323188781738281e+01,3.034246526658535004e-02,1.000000000000000000e+02,-5.996455953538829675e+01,1.290730094909667969e+01,2.247031405568122864e-02
-1.783014869689941406e+01,2.959938719868659973e-02,1.000000000000000000e+02,-5.951630076330409480e+01,1.336528301239013672e+01,1.926079951226711273e-02
-1.584971046447753906e+01,2.887737751007080078e-02,1.000000000000000000e+02,-5.913424406194334892e+01,1.374632263183593750e+01,2.294947579503059387e-02
-1.599221611022949219e+01,2.817037329077720642e-02,1.000000000000000000e+02,-5.867753603363822634e+01,1.401322555541992188e+01,1.529721729457378387e-02
-1.612165069580078125e+01,2.749628946185112000e-02,1.000000000000000000e+02,-5.792246463572750770e+01,1.430650520324707031e+01,2.356970682740211487e-02
-1.381664943695068359e+01,2.683493122458457947e-02,1.000000000000000000e+02,-5.767660396392960820e+01,1.458453464508056641e+01,1.540419645607471466e-02
-1.596121215820312500e+01,2.619257196784019470e-02,1.000000000000000000e+02,-5.705873209854448902e+01,1.526052570343017578e+01,1.599135063588619232e-02
-1.471790504455566406e+01,2.556534111499786377e-02,1.000000000000000000e+02,-5.664264158328231957e+01,1.542396450042724609e+01,2.346507832407951355e-02
-1.432652759552001953e+01,2.495374716818332672e-02,1.000000000000000000e+02,-5.588988715401487894e+01,1.620137786865234375e+01,3.022954054176807404e-02
-1.518743896484375000e+01,2.436500228941440582e-02,1.000000000000000000e+02,-5.538288115755326402e+01,1.600075912475585938e+01,1.973755657672882080e-02
-1.464848518371582031e+01,2.379010990262031555e-02,1.000000000000000000e+02,-5.483792184478510023e+01,1.682345962524414062e+01,1.920608803629875183e-02
-1.360875606536865234e+01,2.322566881775856018e-02,1.000000000000000000e+02,-5.432960781420157304e+01,1.674687767028808594e+01,1.602636650204658508e-02
-1.303050136566162109e+01,2.267722040414810181e-02,1.000000000000000000e+02,-5.454740426964201561e+01,1.721735382080078125e+01,1.603955030441284180e-02
-1.481738471984863281e+01,2.214430458843708038e-02,1.000000000000000000e+02,-5.446900972907966576e+01,1.765133285522460938e+01,1.445957086980342865e-02
-1.348023128509521484e+01,2.162640169262886047e-02,1.000000000000000000e+02,-5.424896643630344784e+01,1.790592575073242188e+01,1.293912623077630997e-02
-1.308197021484375000e+01,2.112847566604614258e-02,1.000000000000000000e+02,-5.395523986518389847e+01,1.803220939636230469e+01,2.219427749514579773e-02
-1.341369247436523438e+01,2.064041793346405029e-02,1.000000000000000000e+02,-5.436154752133233359e+01,1.862559890747070312e+01,1.916991174221038818e-02
-1.220728683471679688e+01,2.016376703977584839e-02,1.000000000000000000e+02,-5.432487153896676801e+01,1.898532676696777344e+01,1.502653397619724274e-02
-1.183592414855957031e+01,1.970389857888221741e-02,1.000000000000000000e+02,-5.374134153606425457e+01,1.881455230712890625e+01,1.591867022216320038e-02
-1.332838630676269531e+01,1.925495825707912445e-02,1.000000000000000000e+02,-5.372826347617682075e+01,1.951706695556640625e+01,1.494479365646839142e-02
-1.281472396850585938e+01,1.881686598062515259e-02,1.000000000000000000e+02,-5.342248755640325442e+01,1.937513732910156250e+01,1.532437093555927277e-02
-1.264145565032958984e+01,1.838647387921810150e-02,1.000000000000000000e+02,-5.343670982781392809e+01,2.001153564453125000e+01,1.012995000928640366e-02
-1.351941394805908203e+01,1.797204837203025818e-02,1.000000000000000000e+02,-5.291128461691916840e+01,2.010133361816406250e+01,1.452311873435974121e-02
-1.228005790710449219e+01,1.757197454571723938e-02,1.000000000000000000e+02,-5.285446448092658756e+01,2.040191650390625000e+01,1.237763185054063797e-02
-1.259747695922851562e+01,1.717903651297092438e-02,1.000000000000000000e+02,-5.248538541695040038e+01,2.133295631408691406e+01,1.753129251301288605e-02
-1.187224578857421875e+01,1.678165979683399200e-02,1.000000000000000000e+02,-5.217853146864096203e+01,2.128197288513183594e+01,1.833676360547542572e-02
-1.081888580322265625e+01,1.640353165566921234e-02,1.000000000000000000e+02,-5.196391629748011098e+01,2.150260162353515625e+01,1.384304277598857880e-02
-1.088103866577148438e+01,1.603144034743309021e-02,1.000000000000000000e+02,-5.166988879302178361e+01,2.148922157287597656e+01,1.678185909986495972e-02
-1.033587837219238281e+01,1.566933467984199524e-02,1.000000000000000000e+02,-5.137705670514024092e+01,2.171925735473632812e+01,1.413890253752470016e-02
-1.196253776550292969e+01,1.531502790749073029e-02,1.000000000000000000e+02,-5.081472559485092688e+01,2.205988883972167969e+01,1.106382813304662704e-02
-9.403098106384277344e+00,1.497651450335979462e-02,1.000000000000000000e+02,-5.073947545790013436e+01,2.251919937133789062e+01,1.886947266757488251e-02
-1.013640213012695312e+01,1.464959792792797089e-02,1.000000000000000000e+02,-5.045934517528711183e+01,2.253433799743652344e+01,9.936803020536899567e-03
-1.050751876831054688e+01,1.433260459452867508e-02,1.000000000000000000e+02,-4.989965181523112392e+01,2.246643066406250000e+01,2.285190857946872711e-02
-8.578522682189941406e+00,1.402241084724664688e-02,1.000000000000000000e+02,-4.988334676902481846e+01,2.342246627807617188e+01,1.361214276403188705e-02
-1.049659252166748047e+01,1.371393445879220963e-02,1.000000000000000000e+02,-4.999721713787393895e+01,2.346550369262695312e+01,8.500494062900543213e-03
-1.012215518951416016e+01,1.341566536575555801e-02,1.000000000000000000e+02,-4.947791287026957718e+01,2.341876411437988281e+01,1.028052996844053268e-02
-8.197986602783203125e+00,1.312678121030330658e-02,1.000000000000000000e+02,-4.884521183798464961e+01,2.364035224914550781e+01,1.380312629044055939e-02
-8.015798568725585938e+00,1.285540405660867691e-02,1.000000000000000000e+02,-4.924199714711831888e+01,2.366670417785644531e+01,8.716532960534095764e-03
-9.707790374755859375e+00,1.259244047105312347e-02,1.000000000000000000e+02,-4.913857151980266735e+01,2.445607376098632812e+01,2.257883921265602112e-02
-9.249610900878906250e+00,1.232849434018135071e-02,1.000000000000000000e+02,-4.868314125485534305e+01,2.449694252014160156e+01,1.563683338463306427e-02
-8.078504562377929688e+00,1.206703018397092819e-02,1.000000000000000000e+02,-4.808846436084919418e+01,2.452497291564941406e+01,1.965601742267608643e-02
-8.024693489074707031e+00,1.182684674859046936e-02,1.000000000000000000e+02,-4.787482595701823840e+01,2.500299835205078125e+01,1.508634909987449646e-02
-5.726042747497558594e+00,1.160317286849021912e-02,1.000000000000000000e+02,-4.768055092962789843e+01,2.495070075988769531e+01,1.382329873740673065e-02
-1.009917545318603516e+01,1.138577051460742950e-02,1.000000000000000000e+02,-4.764138288796385012e+01,2.561746406555175781e+01,1.790495775640010834e-02
-3.694849491119384766e+00,1.118213031440973282e-02,1.000000000000000000e+02,-4.731076968711672492e+01,2.566208839416503906e+01,9.508527815341949463e-03
-7.023182868957519531e+00,1.099447254091501236e-02,1.000000000000000000e+02,-4.721296679664843765e+01,2.575575065612792969e+01,1.112684980034828186e-02
-6.106969833374023438e+00,1.079779025167226791e-02,1.000000000000000000e+02,-4.712198755959997953e+01,2.638314628601074219e+01,9.903530590236186981e-03
-6.756140708923339844e+00,1.062434073537588120e-02,1.000000000000000000e+02,-4.701634688989749833e+01,2.616255760192871094e+01,9.966036304831504822e-03
-6.519792556762695312e+00,1.046109199523925781e-02,1.000000000000000000e+02,-4.672432087985323079e+01,2.609754943847656250e+01,9.414832107722759247e-03
-5.601687431335449219e+00,1.030190382152795792e-02,1.000000000000000000e+02,-4.683767338484840081e+01,2.625240707397460938e+01,9.594504721462726593e-03
-3.832947492599487305e+00,1.014504581689834595e-02,1.000000000000000000e+02,-4.659913612098272750e+01,2.667556381225585938e+01,8.691523224115371704e-03
-4.626425743103027344e+00,9.997510351240634918e-03,1.000000000000000000e+02,-4.643998907521510944e+01,2.645962715148925781e+01,6.210234481841325760e-03
-4.454976558685302734e+00,9.844062849879264832e-03,1.000000000000000000e+02,-4.689634182285541186e+01,2.718140792846679688e+01,9.538442827761173248e-03
-5.527144432067871094e+00,9.706215932965278625e-03,1.000000000000000000e+02,-4.679650412451686492e+01,2.663527297973632812e+01,8.237129077315330505e-03
-3.539328575134277344e+00,9.560119360685348511e-03,1.000000000000000000e+02,-4.652494577964890254e+01,2.758568191528320312e+01,8.789680898189544678e-03
-4.185625076293945312e+00,9.432970546185970306e-03,1.000000000000000000e+02,-4.611885749355239028e+01,2.759245109558105469e+01,7.273607887327671051e-03
-6.647161006927490234e+00,9.302265010774135590e-03,1.000000000000000000e+02,-4.593055862823695890e+01,2.803824424743652344e+01,1.337936520576477051e-02
-3.597348690032958984e+00,9.160356596112251282e-03,1.000000000000000000e+02,-4.622517987743440671e+01,2.797384834289550781e+01,1.232799794524908066e-02
-2.300548553466796875e+00,9.025514125823974609e-03,1.000000000000000000e+02,-4.606104526968404400e+01,2.851130485534667969e+01,1.002393849194049835e-02
-2.724158287048339844e+00,8.890159428119659424e-03,1.000000000000000000e+02,-4.601669762461850866e+01,2.793676567077636719e+01,4.785917699337005615e-03
-4.042490482330322266e+00,8.755920454859733582e-03,1.000000000000000000e+02,-4.624794861836372917e+01,2.841237258911132812e+01,8.569256402552127838e-03
-7.270433902740478516e-01,8.633261546492576599e-03,1.000000000000000000e+02,-4.589178788662826491e+01,2.844134330749511719e+01,7.721940986812114716e-03
-4.054381847381591797e+00,8.504932746291160583e-03,1.000000000000000000e+02,-4.537884047671261811e+01,2.842608261108398438e+01,5.446317140012979507e-03
-1.770714879035949707e+00,8.391598239541053772e-03,1.000000000000000000e+02,-4.578038740020220132e+01,2.853912162780761719e+01,9.860416874289512634e-03
-1.915653347969055176e+00,8.280615322291851044e-03,1.000000000000000000e+02,-4.572215332104016028e+01,2.845657730102539062e+01,9.262225590646266937e-03
-8.918308019638061523e-01,8.157960139214992523e-03,1.000000000000000000e+02,-4.557350560761799585e+01,2.839121627807617188e+01,1.082933880388736725e-02
6.356748342514038086e-01,8.047764189541339874e-03,1.000000000000000000e+02,-4.588398741106031764e+01,2.892965888977050781e+01,6.662684958428144455e-03
-1.163798093795776367e+00,7.943237200379371643e-03,1.000000000000000000e+02,-4.574922512796172924e+01,2.893700218200683594e+01,8.762856945395469666e-03
-2.659895181655883789e+00,7.822131738066673279e-03,1.000000000000000000e+02,-4.531701898176527976e+01,2.959575271606445312e+01,8.365854620933532715e-03
-3.576053857803344727e+00,7.717167492955923080e-03,1.000000000000000000e+02,-4.477878463780221807e+01,2.927444076538085938e+01,9.225908666849136353e-03
-4.764953851699829102e-01,7.651268970221281052e-03,1.000000000000000000e+02,-4.470816783883523016e+01,3.000477790832519531e+01,8.903255686163902283e-03
2.415584623813629150e-01,7.598480209708213806e-03,1.000000000000000000e+02,-4.457033087342441746e+01,2.943055534362792969e+01,7.444317452609539032e-03
-2.872971534729003906e+00,7.544541731476783752e-03,1.000000000000000000e+02,-4.428005947979023915e+01,3.015264892578125000e+01,6.201259326189756393e-03
-1.204300165176391602e+00,7.505065295845270157e-03,1.000000000000000000e+02,-4.423972878350013360e+01,2.958355522155761719e+01,6.571280304342508316e-03
-1.415101766586303711e+00,7.463407237082719803e-03,1.000000000000000000e+02,-4.378961846337187325e+01,3.022335243225097656e+01,6.480046082288026810e-03
1.372475862503051758e+00,7.435444742441177368e-03,1.000000000000000000e+02,-4.386274813427812092e+01,2.993875312805175781e+01,8.036628365516662598e-03
2.354241847991943359e+00,7.433767896145582199e-03,1.000000000000000000e+02,-4.369853095218031314e+01,3.061096763610839844e+01,6.166299805045127869e-03
1.053787112236022949e+00,7.435182575136423111e-03,1.000000000000000000e+02,-4.365495273178494529e+01,3.046599578857421875e+01,1.011775806546211243e-02
1.113815069198608398e+00,7.451605051755905151e-03,1.000000000000000000e+02,-4.398591225769722257e+01,3.007471084594726562e+01,1.130038034170866013e-02
-6.227490901947021484e-01,7.459141314029693604e-03,1.000000000000000000e+02,-4.377512117030692451e+01,3.069377517700195312e+01,8.925287984311580658e-03
2.645344495773315430e+00,7.479164749383926392e-03,1.000000000000000000e+02,-4.344105493880380209e+01,3.095933723449707031e+01,8.264490403234958649e-03
1.376180171966552734e+00,7.544379681348800659e-03,1.000000000000000000e+02,-4.356520247778199462e+01,3.124294471740722656e+01,7.288798689842224121e-03
-8.264774084091186523e-01,7.561018224805593491e-03,1.000000000000000000e+02,-4.363803066594937263e+01,3.099623489379882812e+01,6.766992621123790741e-03
4.155854284763336182e-01,7.597400806844234467e-03,1.000000000000000000e+02,-4.391370000383502514e+01,3.120481300354003906e+01,6.838396191596984863e-03
7.119133472442626953e-01,7.652202621102333069e-03,1.000000000000000000e+02,-4.376636167995734894e+01,3.066020584106445312e+01,8.339274674654006958e-03
1.565044999122619629e+00,7.694459520280361176e-03,1.000000000000000000e+02,-4.408249025596156656e+01,3.111589431762695312e+01,7.110447622835636139e-03
-2.998337447643280029e-01,7.771480828523635864e-03,1.000000000000000000e+02,-4.379792008686556670e+01,3.151664352416992188e+01,5.713507533073425293e-03
5.139857530593872070e-04,7.829759269952774048e-03,1.000000000000000000e+02,-4.350137882277761037e+01,3.110048484802246094e+01,4.908205475658178329e-03
8.211438059806823730e-01,7.895294576883316040e-03,1.000000000000000000e+02,-4.357954497039750663e+01,3.150204086303710938e+01,6.087465211749076843e-03
1.819892406463623047e+00,7.944441400468349457e-03,1.000000000000000000e+02,-4.341866523076399886e+01,3.170124816894531250e+01,8.290275931358337402e-03
1.070192217826843262e+00,8.035938255488872528e-03,1.000000000000000000e+02,-4.345336363633856536e+01,3.182114601135253906e+01,8.204489015042781830e-03
1.013886928558349609e+00,8.138133212924003601e-03,1.000000000000000000e+02,-4.373973774621271104e+01,3.192496490478515625e+01,7.451409939676523209e-03
8.997875452041625977e-01,8.254497312009334564e-03,1.000000000000000000e+02,-4.371242127470333827e+01,3.191646766662597656e+01,7.587480824440717697e-03
1.688104271888732910e+00,8.350245654582977295e-03,1.000000000000000000e+02,-4.350659494688778040e+01,3.192427253723144531e+01,5.195592530071735382e-03
2.574534893035888672e+00,8.431523106992244720e-03,1.000000000000000000e+02,-4.363778293542029019e+01,3.134053039550781250e+01,1.017819344997406006e-02
1.027426004409790039e+00,8.518428541719913483e-03,1.000000000000000000e+02,-4.415337656506573438e+01,3.173124504089355469e+01,1.040898915380239487e-02
1.887546062469482422e+00,8.671073243021965027e-03,1.000000000000000000e+02,-4.481914456800407720e+01,3.182189941406250000e+01,8.394532836973667145e-03
-7.999256849288940430e-01,8.831742219626903534e-03,1.000000000000000000e+02,-4.522292800889871955e+01,3.192526817321777344e+01,6.051198113709688187e-03
2.233316898345947266e+00,8.955840952694416046e-03,1.000000000000000000e+02,-4.539928636220249558e+01,3.200885391235351562e+01,7.120608352124691010e-03
8.560157418251037598e-01,9.068040177226066589e-03,1.000000000000000000e+02,-4.570966239004331300e+01,3.152925109863281250e+01,9.917125105857849121e-03
3.198111057281494141e+00,9.213630110025405884e-03,1.000000000000000000e+02,-4.596505209952702842e+01,3.215608215332031250e+01,8.278901688754558563e-03
1.485435009002685547e+00,9.311615489423274994e-03,1.000000000000000000e+02,-4.591878626304247746e+01,3.231252288818359375e+01,1.125653367489576340e-02
2.062841892242431641e+00,9.447537362575531006e-03,1.000000000000000000e+02,-4.651224553492289715e+01,3.265587997436523438e+01,9.373683482408523560e-03
5.974044799804687500e-01,9.572348557412624359e-03,1.000000000000000000e+02,-4.670700263429124277e+01,3.235138320922851562e+01,1.106996834278106689e-02
1.083004772663116455e-01,9.630351327359676361e-03,1.000000000000000000e+02,-4.718345527259394601e+01,3.280976867675781250e+01,1.111154258251190186e-02
1.048387169837951660e+00,9.781816042959690094e-03,1.000000000000000000e+02,-4.697610478048043348e+01,3.291748809814453125e+01,1.176074054092168808e-02
2.599317550659179688e+00,9.881403297185897827e-03,1.000000000000000000e+02,-4.695782139640655117e+01,3.210277557373046875e+01,1.711395196616649628e-02
1.967245697975158691e+00,9.974188171327114105e-03,1.000000000000000000e+02,-4.726022070809109010e+01,3.283520507812500000e+01,1.092087384313344955e-02
1.150367259979248047e+00,1.008265092968940735e-02,1.000000000000000000e+02,-4.700813620615922162e+01,3.367086029052734375e+01,9.316459298133850098e-03
1.024106144905090332e+00,1.019823830574750900e-02,1.000000000000000000e+02,-4.712517850623960669e+01,3.285737228393554688e+01,1.352379377931356430e-02
5.437177419662475586e-01,1.028552930802106857e-02,1.000000000000000000e+02,-4.659865582317524968e+01,3.350119781494140625e+01,1.092522591352462769e-02
2.297966480255126953e+00,1.037941593676805496e-02,1.000000000000000000e+02,-4.630343177601164939e+01,3.295130920410156250e+01,1.337548624724149704e-02
2.834413528442382812e+00,1.044166553765535355e-02,1.000000000000000000e+02,-4.648049648929064404e+01,3.215713882446289062e+01,1.124694012105464935e-02
9.490163922309875488e-01,1.055730041116476059e-02,1.000000000000000000e+02,-4.668461928889839641e+01,3.302024841308593750e+01,9.248812682926654816e-03
-2.380507469177246094e+00,1.062120497226715088e-02,1.000000000000000000e+02,-4.663988190759945951e+01,3.294737625122070312e+01,1.471263449639081955e-02
1.407072186470031738e+00,1.069150492548942566e-02,1.000000000000000000e+02,-4.594026436335980179e+01,3.418103790283203125e+01,8.952290751039981842e-03
-1.011958122253417969e+00,1.071587670594453812e-02,1.000000000000000000e+02,-4.618906008419982356e+01,3.311348342895507812e+01,1.227191835641860962e-02
4.562540948390960693e-01,1.077822223305702209e-02,1.000000000000000000e+02,-4.669272870375337448e+01,3.387957000732421875e+01,1.159658655524253845e-02
1.194916740059852600e-01,1.078435499221086502e-02,1.000000000000000000e+02,-4.686309689855102079e+01,3.383899688720703125e+01,1.127449143677949905e-02
1.608103990554809570e+00,1.078820228576660156e-02,1.000000000000000000e+02,-4.743961925772710231e+01,3.332423400878906250e+01,1.495582051575183868e-02
3.445832729339599609e-01,1.093147043138742447e-02,1.000000000000000000e+02,-4.741984314806533973e+01,3.369585418701171875e+01,1.743480004370212555e-02
2.295276165008544922e+00,1.106127630919218063e-02,1.000000000000000000e+02,-4.775892214500526478e+01,3.348042297363281250e+01,8.492361754179000854e-03
6.297587752342224121e-01,1.113684661686420441e-02,1.000000000000000000e+02,-4.771061336708685729e+01,3.304975509643554688e+01,1.278796792030334473e-02
2.232981920242309570e+00,1.118989661335945129e-02,1.000000000000000000e+02,-4.775056476635013780e+01,3.394115829467773438e+01,1.167968939989805222e-02
-4.024104773998260498e-01,1.129120960831642151e-02,1.000000000000000000e+02,-4.765134386627940444e+01,3.379188537597656250e+01,7.466108072549104691e-03
5.929498076438903809e-01,1.126631908118724823e-02,1.000000000000000000e+02,-4.776138545196870666e+01,3.374328613281250000e+01,8.392601273953914642e-03
-7.438555359840393066e-01,1.130571775138378143e-02,1.000000000000000000e+02,-4.787843555726685452e+01,3.416590118408203125e+01,1.087176613509654999e-02
8.772188425064086914e-02,1.130739506334066391e-02,1.000000000000000000e+02,-4.747988458545187740e+01,3.403123474121093750e+01,1.904830709099769592e-02
-4.996556639671325684e-01,1.137244980782270432e-02,1.000000000000000000e+02,-4.705327668531062102e+01,3.404454421997070312e+01,8.820128627121448517e-03
-1.517902374267578125e+00,1.138243172317743301e-02,1.000000000000000000e+02,-4.677210230824314152e+01,3.409513473510742188e+01,1.081222947686910629e-02
5.536895990371704102e-01,1.133692637085914612e-02,1.000000000000000000e+02,-4.689401941451593814e+01,3.481016540527343750e+01,9.885908104479312897e-03
-2.527394056320190430e+00,1.134118717163801193e-02,1.000000000000000000e+02,-4.708205845413096569e+01,3.432296371459960938e+01,1.272957585752010345e-02
9.778108000755310059e-01,1.137714087963104248e-02,1.000000000000000000e+02,-4.689047284534371585e+01,3.420342254638671875e+01,1.481643691658973694e-02
9.461802840232849121e-01,1.133232656866312027e-02,1.000000000000000000e+02,-4.699940075970717857e+01,3.502555847167968750e+01,1.390119828283786774e-02
-4.048109054565429688e-01,1.131454110145568848e-02,1.000000000000000000e+02,-4.696967866121943302e+01,3.462551879882812500e+01,1.068632863461971283e-02
1.484746813774108887e+00,1.126802247017621994e-02,1.000000000000000000e+02,-4.654591714712270090e+01,3.516461944580078125e+01,6.776185240596532822e-03
-5.961409807205200195e-01,1.123335584998130798e-02,1.000000000000000000e+02,-4.620437506316461196e+01,3.483723449707031250e+01,9.311393834650516510e-03
-2.233571112155914307e-01,1.118766143918037415e-02,1.000000000000000000e+02,-4.614616138136719314e+01,3.563142013549804688e+01,1.545064710080623627e-02
1.385828256607055664e+00,1.117720548063516617e-02,1.000000000000000000e+02,-4.585349124391333930e+01,3.479442596435546875e+01,1.113642100244760513e-02
-7.711777687072753906e-01,1.114230230450630188e-02,1.000000000000000000e+02,-4.540021292430565580e+01,3.593906402587890625e+01,1.432990096509456635e-02
3.180687904357910156e+00,1.111842971295118332e-02,1.000000000000000000e+02,-4.527380314990672616e+01,3.538972091674804688e+01,1.041519548743963242e-02
1.545067667961120605e+00,1.104127801954746246e-02,1.000000000000000000e+02,-4.526505492646465001e+01,3.485131835937500000e+01,8.453316055238246918e-03
3.020592033863067627e-01,1.098039001226425171e-02,1.000000000000000000e+02,-4.491606453637648144e+01,3.574982452392578125e+01,1.248049736022949219e-02
7.551343441009521484e-01,1.087773684412240982e-02,1.000000000000000000e+02,-4.500178590691616165e+01,3.572016525268554688e+01,1.211836468428373337e-02
9.987146854400634766e-01,1.085487101227045059e-02,1.000000000000000000e+02,-4.529314308335847272e+01,3.528256607055664062e+01,1.045306306332349777e-02
1.696323394775390625e+00,1.081287674605846405e-02,1.000000000000000000e+02,-4.490519040053471400e+01,3.640522766113281250e+01,6.668146699666976929e-03
1.158884882926940918e+00,1.077696308493614197e-02,1.000000000000000000e+02,-4.471599015107784680e+01,3.604389190673828125e+01,1.526043377816677094e-02
-8.423033952713012695e-01,1.073026005178689957e-02,1.000000000000000000e+02,-4.500385071324221542e+01,3.628128814697265625e+01,7.661743555217981339e-03
-1.632312536239624023e-01,1.068857964128255844e-02,1.000000000000000000e+02,-4.479964555463524789e+01,3.620102310180664062e+01,8.813339285552501678e-03
-2.469485044479370117e+00,1.061469409614801407e-02,1.000000000000000000e+02,-4.453164371853984704e+01,3.706422424316406250e+01,8.713781833648681641e-03
-1.167297363281250000e-01,1.060891058295965195e-02,1.000000000000000000e+02,-4.472020538198081141e+01,3.586470031738281250e+01,8.657313883304595947e-03
1.608047246932983398e+00,1.055339537560939789e-02,1.000000000000000000e+02,-4.462902012416070363e+01,3.688026428222656250e+01,1.078036613762378693e-02
1.663248538970947266e-01,1.060898602008819580e-02,1.000000000000000000e+02,-4.484613390268880551e+01,3.686025238037109375e+01,6.429974921047687531e-03
1.229776382446289062e+00,1.063159760087728500e-02,1.000000000000000000e+02,-4.445319444023217414e+01,3.703750991821289062e+01,1.112460903823375702e-02
6.672751903533935547e-01,1.065652351826429367e-02,1.000000000000000000e+02,-4.443148452306923701e+01,3.677472305297851562e+01,1.942193880677223206e-02
3.596454858779907227e-01,1.069712452590465546e-02,1.000000000000000000e+02,-4.465535183063261115e+01,3.678574752807617188e+01,1.282902061939239502e-02
-5.757508873939514160e-01,1.068751886487007141e-02,1.000000000000000000e+02,-4.475414333369565867e+01,3.682413482666015625e+01,6.934295874089002609e-03
-1.617753744125366211e+00,1.069509983062744141e-02,1.000000000000000000e+02,-4.432599068412258703e+01,3.703852081298828125e+01,1.035703811794519424e-02
-7.348228693008422852e-01,1.066002994775772095e-02,1.000000000000000000e+02,-4.426828841790325697e+01,3.816973114013671875e+01,7.751349825412034988e-03
4.029555022716522217e-01,1.058518607169389725e-02,1.000000000000000000e+02,-4.390613186779164323e+01,3.729378128051757812e+01,9.084953926503658295e-03
-6.056861877441406250e-01,1.062375772744417191e-02,1.000000000000000000e+02,-4.357034796963731793e+01,3.761614227294921875e+01,7.535280659794807434e-03
-5.995364189147949219e-01,1.062319055199623108e-02,1.000000000000000000e+02,-4.287823891510686991e+01,3.726750946044921875e+01,1.081069465726613998e-02
-6.164177060127258301e-01,1.059096213430166245e-02,1.000000000000000000e+02,-4.272334044322553126e+01,3.759662628173828125e+01,9.785953909158706665e-03
-5.482719540596008301e-01,1.050354260951280594e-02,1.000000000000000000e+02,-4.276411266440400993e+01,3.768844985961914062e+01,7.102016359567642212e-03
1.499934673309326172e+00,1.046522799879312515e-02,1.000000000000000000e+02,-4.288196020602013903e+01,3.744207000732421875e+01,4.464695695787668228e-03
7.925925850868225098e-01,1.039351616054773331e-02,1.000000000000000000e+02,-4.309182172413449763e+01,3.824258041381835938e+01,1.158635038882493973e-02
1.644060492515563965e+00,1.031889952719211578e-02,1.000000000000000000e+02,-4.358180509268377989e+01,3.844019699096679688e+01,1.083999220281839371e-02
-1.154429435729980469e+00,1.026687491685152054e-02,1.000000000000000000e+02,-4.319030100416529194e+01,3.778523254394531250e+01,9.519886225461959839e-03
3.228887796401977539e+00,1.021955069154500961e-02,1.000000000000000000e+02,-4.328247792986392994e+01,3.764314270019531250e+01,7.096959743648767471e-03
1.337673068046569824e-01,1.023511216044425964e-02,1.000000000000000000e+02,-4.337066909010041371e+01,3.846435928344726562e+01,2.703945152461528778e-02
1.297632575035095215e+00,1.012945733964443207e-02,1.000000000000000000e+02,-4.329193567019856204e+01,3.785171127319335938e+01,4.905736539512872696e-03
-3.072324991226196289e+00,1.011284999549388885e-02,1.000000000000000000e+02,-4.317747063564324606e+01,3.908045578002929688e+01,4.570893943309783936e-03
1.717503547668457031e+00,1.004345715045928955e-02,1.000000000000000000e+02,-4.319792217235268339e+01,3.950450515747070312e+01,4.144839942455291748e-03
-2.743262648582458496e-01,9.995103813707828522e-03,1.000000000000000000e+02,-4.317129355776445010e+01,3.926048278808593750e+01,9.675491601228713989e-03
1.117997884750366211e+00,9.935112670063972473e-03,1.000000000000000000e+02,-4.331346605565820340e+01,3.835975646972656250e+01,7.544924970716238022e-03
-1.263398170471191406e+00,9.897040203213691711e-03,1.000000000000000000e+02,-4.331806301105548584e+01,3.904640197753906250e+01,5.714827217161655426e-03
-1.854448914527893066e-01,9.866477921605110168e-03,1.000000000000000000e+02,-4.311552849189140346e+01,3.890996932983398438e+01,9.114146232604980469e-03
1.093145608901977539e+00,9.866139851510524750e-03,1.000000000000000000e+02,-4.263355166601213142e+01,3.851722335815429688e+01,7.655002176761627197e-03
-4.233572483062744141e-01,9.861163794994354248e-03,1.000000000000000000e+02,-4.245206797452259195e+01,3.940117645263671875e+01,7.705466356128454208e-03
6.604749560356140137e-01,9.832399897277355194e-03,1.000000000000000000e+02,-4.243589346137298435e+01,3.929465866088867188e+01,4.425912164151668549e-03
-5.633339285850524902e-02,9.811530821025371552e-03,1.000000000000000000e+02,-4.200046270506698676e+01,3.862609863281250000e+01,9.188482537865638733e-03
1.452630519866943359e+00,9.758526459336280823e-03,1.000000000000000000e+02,-4.220702595149863612e+01,3.939526367187500000e+01,1.037124078720808029e-02
1.634188890457153320e+00,9.755348786711692810e-03,1.000000000000000000e+02,-4.212496050866368336e+01,3.916898345947265625e+01,7.440636865794658661e-03
1.780666708946228027e+00,9.790439158678054810e-03,1.000000000000000000e+02,-4.215794346220145883e+01,3.929607009887695312e+01,7.595909759402275085e-03
-2.336954593658447266e+00,9.717515669763088226e-03,1.000000000000000000e+02,-4.140571332141239935e+01,3.965798187255859375e+01,1.144078932702541351e-02
-1.381928443908691406e+00,9.710317477583885193e-03,1.000000000000000000e+02,-4.153262988644022613e+01,3.969366073608398438e+01,5.229377653449773788e-03
-7.526326179504394531e-01,9.707428514957427979e-03,1.000000000000000000e+02,-4.160473370625553713e+01,3.920606994628906250e+01,8.484094403684139252e-03
-1.495119780302047729e-01,9.738435968756675720e-03,1.000000000000000000e+02,-4.161910442374973229e+01,3.981745910644531250e+01,5.014483351260423660e-03
-7.433521747589111328e-01,9.665295481681823730e-03,1.000000000000000000e+02,-4.174988576141591068e+01,3.979805755615234375e+01,1.176496315747499466e-02
-1.188778281211853027e+00,9.637489914894104004e-03,1.000000000000000000e+02,-4.174084300156631144e+01,3.960882186889648438e+01,9.347995743155479431e-03
1.901978850364685059e+00,9.657772257924079895e-03,1.000000000000000000e+02,-4.188898362119040542e+01,3.972216415405273438e+01,7.914596237242221832e-03
1.974796295166015625e+00,9.664033539593219757e-03,1.000000000000000000e+02,-4.161110593982360228e+01,3.977341461181640625e+01,6.927275564521551132e-03
-2.623334407806396484e+00,9.706253185868263245e-03,1.000000000000000000e+02,-4.171359874418597968e+01,3.979901123046875000e+01,8.291239850223064423e-03
4.631431579589843750e+00,9.724481962621212006e-03,1.000000000000000000e+02,-4.134809124177007078e+01,4.047146987915039062e+01,8.608985692262649536e-03
-1.152570366859436035e+00,9.759382344782352448e-03,1.000000000000000000e+02,-4.129033048146610696e+01,3.969552230834960938e+01,8.972083218395709991e-03
-1.732818961143493652e+00,9.754260070621967316e-03,1.000000000000000000e+02,-4.110709816538057026e+01,4.038314056396484375e+01,8.727728389203548431e-03
4.374198913574218750e-01,9.657229296863079071e-03,1.000000000000000000e+02,-4.097215544530821774e+01,4.032228851318359375e+01,4.508445039391517639e-03
-1.536623001098632812e+00,9.676667861640453339e-03,1.000000000000000000e+02,-4.074773774562625306e+01,3.989585494995117188e+01,6.231993902474641800e-03
1.625260859727859497e-01,9.662392549216747284e-03,1.000000000000000000e+02,-4.057488175835153044e+01,4.047663879394531250e+01,4.953409545123577118e-03
-1.030171513557434082e+00,9.660070762038230896e-03,1.000000000000000000e+02,-4.038618993368046972e+01,4.062878417968750000e+01,1.316225342452526093e-02
-2.865125834941864014e-01,9.653785265982151031e-03,1.000000000000000000e+02,-4.066095435812814429e+01,4.051795196533203125e+01,1.489164866507053375e-02
-5.621610879898071289e-01,9.664041921496391296e-03,1.000000000000000000e+02,-4.085326632224089849e+01,4.008851242065429688e+01,1.019960176199674606e-02
2.222837060689926147e-01,9.635862894356250763e-03,1.000000000000000000e+02,-4.137215925443296527e+01,4.056147384643554688e+01,5.683417897671461105e-03
-1.037003636360168457e+00,9.708534926176071167e-03,1.000000000000000000e+02,-4.133357119688722747e+01,4.065945434570312500e+01,6.068540271371603012e-03
8.312391042709350586e-01,9.614218957722187042e-03,1.000000000000000000e+02,-4.147619632859372274e+01,3.956893157958984375e+01,7.101683877408504486e-03
1.490549087524414062e+00,9.663244709372520447e-03,1.000000000000000000e+02,-4.177023525263546588e+01,3.989505386352539062e+01,3.477009944617748260e-03
3.773956894874572754e-01,9.716065600514411926e-03,1.000000000000000000e+02,-4.142937358631294842e+01,4.031371688842773438e+01,4.810736514627933502e-03
2.910803556442260742e-01,9.717877022922039032e-03,1.000000000000000000e+02,-4.147215741679554668e+01,4.032123565673828125e+01,7.734040264040231705e-03
-1.919708728790283203e+00,9.712531231343746185e-03,1.000000000000000000e+02,-4.187281085788882251e+01,4.022093200683593750e+01,5.103347823023796082e-03
-6.417152285575866699e-01,9.605521336197853088e-03,1.000000000000000000e+02,-4.240615687453846050e+01,4.066786956787109375e+01,8.553505875170230865e-03
9.726345539093017578e-03,9.556586854159832001e-03,1.000000000000000000e+02,-4.210275569604180390e+01,3.982766342163085938e+01,5.199352279305458069e-03
-1.977951526641845703e-01,9.488617070019245148e-03,1.000000000000000000e+02,-4.210281648619857719e+01,4.070948028564453125e+01,4.483568482100963593e-03
4.159538269042968750e+00,9.456777013838291168e-03,1.000000000000000000e+02,-4.255916882306026849e+01,4.090032577514648438e+01,9.790236130356788635e-03
2.683990597724914551e-01,9.437600150704383850e-03,1.000000000000000000e+02,-4.239691670923673428e+01,4.003665542602539062e+01,6.636315956711769104e-03
-2.241355657577514648e+00,9.369730949401855469e-03,1.000000000000000000e+02,-4.273959218069047949e+01,4.109465789794921875e+01,4.328341223299503326e-03
1.479889631271362305e+00,9.298655204474925995e-03,1.000000000000000000e+02,-4.331434072644324118e+01,4.138545608520507812e+01,5.525994114577770233e-03
1.344800829887390137e+00,9.210116229951381683e-03,1.000000000000000000e+02,-4.391292092778004985e+01,4.098663330078125000e+01,4.678669385612010956e-03
-8.910309076309204102e-01,9.193811565637588501e-03,1.000000000000000000e+02,-4.360809642986494339e+01,4.126111221313476562e+01,1.437371596693992615e-02
-8.342422246932983398e-01,9.081623516976833344e-03,1.000000000000000000e+02,-4.348703521159562513e+01,4.068751525878906250e+01,6.875234190374612808e-03
-7.227036952972412109e-01,9.077622555196285248e-03,1.000000000000000000e+02,-4.294639411238026838e+01,4.067778778076171875e+01,4.720651544630527496e-03
-1.957108497619628906e+00,9.073914028704166412e-03,1.000000000000000000e+02,-4.313020478212196451e+01,4.006168746948242188e+01,1.263389736413955688e-02
1.738780975341796875e+00,9.045427665114402771e-03,1.000000000000000000e+02,-4.313225430718691200e+01,4.095691680908203125e+01,6.368892733007669449e-03
1.038126349449157715e+00,9.108685888350009918e-03,1.000000000000000000e+02,-4.291007928298385110e+01,4.090421295166015625e+01,1.290401909500360489e-02
-2.698667049407958984e-01,9.146647527813911438e-03,1.000000000000000000e+02,-4.258479900280519104e+01,4.076642608642578125e+01,1.028448063880205154e-02
-3.609360933303833008e+00,9.146878495812416077e-03,1.000000000000000000e+02,-4.201334586580026098e+01,4.079821395874023438e+01,8.258601650595664978e-03
1.250804960727691650e-01,9.122934192419052124e-03,1.000000000000000000e+02,-4.212615212697828326e+01,4.076432800292968750e+01,6.594626698642969131e-03
1.238004922866821289e+00,9.146372787654399872e-03,1.000000000000000000e+02,-4.202334716525383129e+01,4.056778335571289062e+01,5.847100634127855301e-03
-2.985545635223388672e+00,9.105267934501171112e-03,1.000000000000000000e+02,-4.194012293173111772e+01,4.067871475219726562e+01,5.600704345852136612e-03
-1.645875096321105957e+00,9.089421480894088745e-03,1.000000000000000000e+02,-4.172996706963713365e+01,4.085715103149414062e+01,4.976880270987749100e-03
2.230650424957275391e+00,9.112947620451450348e-03,1.000000000000000000e+02,-4.249908922249687748e+01,4.116725540161132812e+01,3.566471859812736511e-02
5.171478986740112305e-01,9.165468625724315643e-03,1.000000000000000000e+02,-4.251047969178109298e+01,4.067912292480468750e+01,6.481535267084836960e-03
2.923519313335418701e-01,9.180651046335697174e-03,1.000000000000000000e+02,-4.238217641465338659e+01,4.104803085327148438e+01,8.543018251657485962e-03
-1.729254245758056641e+00,9.201635606586933136e-03,1.000000000000000000e+02,-4.238525446375336969e+01,4.077095031738281250e+01,1.820762827992439270e-02
4.217565953731536865e-01,9.219708852469921112e-03,1.000000000000000000e+02,-4.274954705110148012e+01,4.118732452392578125e+01,6.891034077852964401e-03
2.769262194633483887e-01,9.256521239876747131e-03,1.000000000000000000e+02,-4.263206119135497119e+01,4.013521957397460938e+01,6.470391526818275452e-03
-1.674609422683715820e+00,9.297089651226997375e-03,1.000000000000000000e+02,-4.264167793713326660e+01,4.047124099731445312e+01,9.463499300181865692e-03
1.569898486137390137e+00,9.291793219745159149e-03,1.000000000000000000e+02,-4.257416174377505769e+01,4.073859024047851562e+01,6.297576706856489182e-03
1.070706844329833984e+00,9.297927841544151306e-03,1.000000000000000000e+02,-4.271166634220659120e+01,4.051936340332031250e+01,7.894920185208320618e-03
-3.932113170623779297e+00,9.304256178438663483e-03,1.000000000000000000e+02,-4.252780915314318122e+01,4.114931869506835938e+01,8.667408488690853119e-03
-3.574282884597778320e+00,9.290521964430809021e-03,1.000000000000000000e+02,-4.239911985712111431e+01,4.181175613403320312e+01,5.375233013182878494e-03
1.039489507675170898e+00,9.325665421783924103e-03,1.000000000000000000e+02,-4.210343586794258641e+01,4.078829574584960938e+01,7.985709235072135925e-03
1.974740743637084961e+00,9.398740716278553009e-03,1.000000000000000000e+02,-4.171969980480432127e+01,4.115421676635742188e+01,5.539999343454837799e-03
-1.319029450416564941e+00,9.419221431016921997e-03,1.000000000000000000e+02,-4.181121999492299324e+01,4.179748153686523438e+01,9.051754139363765717e-03
-6.536424160003662109e-02,9.491209872066974640e-03,1.000000000000000000e+02,-4.147603976840728990e+01,4.120267868041992188e+01,7.524388842284679413e-03
-1.551776081323623657e-01,9.469678625464439392e-03,1.000000000000000000e+02,-4.126856508081805686e+01,4.122692489624023438e+01,1.253321021795272827e-02
2.445549488067626953e+00,9.473720565438270569e-03,1.000000000000000000e+02,-4.140079438586955973e+01,4.135356521606445312e+01,9.971938095986843109e-03
-1.664017796516418457e+00,9.418794885277748108e-03,1.000000000000000000e+02,-4.165073035108699884e+01,4.175877761840820312e+01,4.938405938446521759e-03
3.846604228019714355e-01,9.467370808124542236e-03,1.000000000000000000e+02,-4.107821858079383759e+01,4.044167327880859375e+01,9.082617238163948059e-03
-1.333494901657104492e+00,9.545383974909782410e-03,1.000000000000000000e+02,-4.056516197409305136e+01,4.076763916015625000e+01,1.141663640737533569e-02
9.924051761627197266e-01,9.549967944622039795e-03,1.000000000000000000e+02,-4.065607493473685707e+01,4.124503326416015625e+01,7.015726063400506973e-03
1.449644684791564941e+00,9.571796283125877380e-03,1.000000000000000000e+02,-4.058516194339864569e+01,4.130622100830078125e+01,1.043416932225227356e-02
-1.560557126998901367e+00,9.643419645726680756e-03,1.000000000000000000e+02,-4.042945420931659584e+01,4.010253143310546875e+01,6.161345168948173523e-03
5.109902024269104004e-01,9.634617716073989868e-03,1.000000000000000000e+02,-4.088582303267155282e+01,4.157095718383789062e+01,1.613785140216350555e-02
-1.149856567382812500e+00,9.631007909774780273e-03,1.000000000000000000e+02,-4.061471693577518494e+01,4.119532012939453125e+01,7.440820336341857910e-03
-1.444356083869934082e+00,9.680738672614097595e-03,1.000000000000000000e+02,-4.089598944589508989e+01,4.151332473754882812e+01,5.670507438480854034e-03
-3.957487106323242188e+00,9.724922478199005127e-03,1.000000000000000000e+02,-4.126277661835532484e+01,4.127106094360351562e+01,5.132935196161270142e-02
7.164731025695800781e-01,9.709979407489299774e-03,1.000000000000000000e+02,-4.123533518578785362e+01,4.165588378906250000e+01,7.131765130907297134e-03
2.374116420745849609e+00,9.766817092895507812e-03,1.000000000000000000e+02,-4.112038837665085111e+01,4.032716369628906250e+01,6.142084952443838120e-03
1.166925668716430664e+00,9.791339747607707977e-03,1.000000000000000000e+02,-4.112593607625476722e+01,4.138343048095703125e+01,2.566439285874366760e-02
3.307821512222290039e+00,9.831335395574569702e-03,1.000000000000000000e+02,-4.106405420133661011e+01,4.118955993652343750e+01,9.131667204201221466e-03
5.289113521575927734e-02,9.872031398117542267e-03,1.000000000000000000e+02,-4.121081072680528479e+01,4.128419113159179688e+01,1.365121454000473022e-02
1.156671404838562012e+00,9.937761351466178894e-03,1.000000000000000000e+02,-4.156421008315229670e+01,4.120945358276367188e+01,1.698293350636959076e-02
-2.455993890762329102e+00,9.945123456418514252e-03,1.000000000000000000e+02,-4.173479992268126182e+01,4.213571929931640625e+01,1.040616165846586227e-02
5.351865291595458984e-02,9.987280704081058502e-03,1.000000000000000000e+02,-4.182503808542438861e+01,4.163967895507812500e+01,1.111327949911355972e-02
-9.944325089454650879e-01,9.955096989870071411e-03,1.000000000000000000e+02,-4.154570625835246744e+01,4.223778152465820312e+01,1.149573456496000290e-02
-1.982531547546386719e+00,9.857068769633769989e-03,1.000000000000000000e+02,-4.136260230767059909e+01,4.195822525024414062e+01,1.148767583072185516e-02
-2.585752010345458984e+00,9.930229745805263519e-03,1.000000000000000000e+02,-4.153862418832871128e+01,4.128136444091796875e+01,1.476932503283023834e-02
2.355088233947753906e+00,9.917249903082847595e-03,1.000000000000000000e+02,-4.141890023949870425e+01,4.162668609619140625e+01,1.203354820609092712e-02
1.001849174499511719e+00,9.896643459796905518e-03,1.000000000000000000e+02,-4.125497674995258279e+01,4.155738830566406250e+01,1.967965625226497650e-02
-1.909864246845245361e-01,9.898829273879528046e-03,1.000000000000000000e+02,-4.094378415911491231e+01,4.154641723632812500e+01,7.031986024230718613e-03
2.108790159225463867e+00,9.898678399622440338e-03,1.000000000000000000e+02,-4.111149776390558230e+01,4.192585372924804688e+01,5.172627978026866913e-03
1.444151163101196289e+00,9.886620566248893738e-03,1.000000000000000000e+02,-4.088912330023593711e+01,4.119392395019531250e+01,1.106674410402774811e-02
1.506836295127868652e+00,9.939254261553287506e-03,1.000000000000000000e+02,-4.098025831618016923e+01,4.203012084960937500e+01,8.141309954226016998e-03
2.224674224853515625e+00,1.000115834176540375e-02,1.000000000000000000e+02,-4.106327750184158276e+01,4.167398071289062500e+01,7.574946619570255280e-03
7.331746816635131836e-02,9.946503676474094391e-03,1.000000000000000000e+02,-4.110233669644479448e+01,4.053427124023437500e+01,7.706185337156057358e-03
1.574906587600708008e+00,9.916054084897041321e-03,1.000000000000000000e+02,-4.123552180499247299e+01,4.125668716430664062e+01,5.368949379771947861e-03
4.166362285614013672e-01,9.906299412250518799e-03,1.000000000000000000e+02,-4.100551408244036367e+01,4.174473571777343750e+01,6.664669141173362732e-03
7.369078397750854492e-01,9.940794669091701508e-03,1.000000000000000000e+02,-4.073899516410706667e+01,4.080270767211914062e+01,6.490986328572034836e-03
1.567270755767822266e-01,9.930854663252830505e-03,1.000000000000000000e+02,-4.072316856574662580e+01,4.151415634155273438e+01,1.041359826922416687e-02
1.553314626216888428e-01,9.947310201823711395e-03,1.000000000000000000e+02,-4.089676199312133775e+01,4.224921417236328125e+01,7.477213628590106964e-03
1.778158187866210938e+00,9.988447651267051697e-03,1.000000000000000000e+02,-4.109542627969128148e+01,4.259828948974609375e+01,5.209431983530521393e-03
9.994995594024658203e-01,1.000935956835746765e-02,1.000000000000000000e+02,-4.085678875249509190e+01,4.173382568359375000e+01,1.142927631735801697e-02
2.052195549011230469e+00,9.967617690563201904e-03,1.000000000000000000e+02,-4.106433094590617827e+01,4.152116012573242188e+01,8.718253113329410553e-03
2.214985847473144531e+00,9.963592514395713806e-03,1.000000000000000000e+02,-4.101442930154763644e+01,4.166415786743164062e+01,7.709471974521875381e-03
6.482516527175903320e-01,9.972657077014446259e-03,1.000000000000000000e+02,-4.080999395914761863e+01,4.024648284912109375e+01,7.820882834494113922e-03
1.114545345306396484e+00,9.967308491468429565e-03,1.000000000000000000e+02,-4.073755946394810934e+01,4.101645660400390625e+01,5.781364627182483673e-03
5.819529294967651367e-02,1.003127172589302063e-02,1.000000000000000000e+02,-4.104916921415540543e+01,4.250948333740234375e+01,9.924256242811679840e-03
1.509600877761840820e+00,9.951888583600521088e-03,1.000000000000000000e+02,-4.102931007022827714e+01,4.174295806884765625e+01,8.589438162744045258e-03
1.730811446905136108e-01,9.963706135749816895e-03,1.000000000000000000e+02,-4.080966689136047165e+01,4.156240844726562500e+01,8.041019551455974579e-03
1.097729563713073730e+00,9.962072595953941345e-03,1.000000000000000000e+02,-4.070309060034676207e+01,4.111836624145507812e+01,5.822546314448118210e-03
1.790792226791381836e+00,9.907517582178115845e-03,1.000000000000000000e+02,-4.031821399142526019e+01,4.158367919921875000e+01,1.657430641353130341e-02
-3.619104027748107910e-01,9.929339401423931122e-03,1.000000000000000000e+02,-4.039551083621096694e+01,4.184146499633789062e+01,6.529997568577528000e-03
2.414354324340820312e+00,9.911377914249897003e-03,1.000000000000000000e+02,-4.006448947310928332e+01,4.044007492065429688e+01,8.138456381857395172e-03
-4.859777987003326416e-01,9.945545345544815063e-03,1.000000000000000000e+02,-3.998568309317273872e+01,4.109064865112304688e+01,1.701921410858631134e-02
-5.667240619659423828e-01,9.961578063666820526e-03,1.000000000000000000e+02,-3.989722850387177999e+01,4.047594451904296875e+01,6.648162379860877991e-03
-4.646484851837158203e+00,9.936596266925334930e-03,1.000000000000000000e+02,-3.991746466676848115e+01,4.238174438476562500e+01,4.251577891409397125e-03
-4.656180739402770996e-01,9.902539663016796112e-03,1.000000000000000000e+02,-3.995579111186818011e+01,4.248475265502929688e+01,1.065410953015089035e-02
2.675036430358886719e+00,9.930045343935489655e-03,1.000000000000000000e+02,-3.977958874204661299e+01,4.161914825439453125e+01,6.147544831037521362e-03
-1.245363235473632812e+00,9.971144609153270721e-03,1.000000000000000000e+02,-3.988924825232463434e+01,4.163658142089843750e+01,7.071509957313537598e-03
1.678656488656997681e-01,9.912862442433834076e-03,1.000000000000000000e+02,-3.970711821327619617e+01,4.188081741333007812e+01,7.295471616089344025e-03
-3.511977195739746094e-02,9.919013828039169312e-03,1.000000000000000000e+02,-3.989932263299073867e+01,4.239914703369140625e+01,7.222734857350587845e-03
-5.437016487121582031e-02,9.910806082189083099e-03,1.000000000000000000e+02,-3.970020522545698327e+01,4.020101547241210938e+01,1.063985005021095276e-02
-2.734167575836181641e-01,9.906299412250518799e-03,1.000000000000000000e+02,-4.035453827689056538e+01,4.149201583862304688e+01,2.069287374615669250e-02
1.478743195533752441e+00,9.926338680088520050e-03,1.000000000000000000e+02,-4.034174230479628420e+01,4.220848846435546875e+01,6.600013002753257751e-03
-2.034965753555297852e+00,9.981025010347366333e-03,1.000000000000000000e+02,-4.031899652634267994e+01,4.167372512817382812e+01,8.582650683820247650e-03
2.027725279331207275e-01,9.921047836542129517e-03,1.000000000000000000e+02,-4.053164214155980716e+01,4.135025024414062500e+01,8.243524469435214996e-03
1.946930527687072754e+00,9.949957020580768585e-03,1.000000000000000000e+02,-4.044039730157173551e+01,4.252119827270507812e+01,1.142186019569635391e-02
-2.688964009284973145e-01,9.954944252967834473e-03,1.000000000000000000e+02,-4.002959527433614539e+01,4.207360076904296875e+01,9.943173266947269440e-03
-1.515267848968505859e+00,9.986971504986286163e-03,1.000000000000000000e+02,-4.004787437690374929e+01,4.118194580078125000e+01,9.300529025495052338e-03
7.728786468505859375e-01,1.000089570879936218e-02,1.000000000000000000e+02,-4.014373236918178378e+01,4.151166152954101562e+01,1.210977416485548019e-02
1.799114346504211426e-01,9.933359920978546143e-03,1.000000000000000000e+02,-4.019324264242405320e+01,4.089480209350585938e+01,9.749628603458404541e-03
-9.309113025665283203e-01,9.975614957511425018e-03,1.000000000000000000e+02,-4.021275654500442442e+01,4.138315582275390625e+01,6.574654020369052887e-03
-5.324211716651916504e-01,9.976048022508621216e-03,1.000000000000000000e+02,-4.036717282834896992e+01,4.157064437866210938e+01,5.134732928127050400e-03
4.242843389511108398e-02,9.963748976588249207e-03,1.000000000000000000e+02,-4.032391915428281948e+01,4.176670837402343750e+01,1.197160221636295319e-02
6.431557536125183105e-01,9.933545254170894623e-03,1.000000000000000000e+02,-4.020599102913877232e+01,4.140002822875976562e+01,9.842515923082828522e-03
-3.004682540893554688e+00,9.915826842188835144e-03,1.000000000000000000e+02,-4.016988000162831440e+01,4.168911361694335938e+01,8.680941537022590637e-03
-3.268505930900573730e-01,9.899291209876537323e-03,1.000000000000000000e+02,-4.030774412186595157e+01,4.072898101806640625e+01,9.400664828717708588e-03
1.196044206619262695e+00,9.873472154140472412e-03,1.000000000000000000e+02,-3.994716408034233268e+01,4.123168945312500000e+01,2.763963863253593445e-02
-1.033297657966613770e+00,9.780025109648704529e-03,1.000000000000000000e+02,-4.029634919646603208e+01,4.074668884277343750e+01,6.776930298656225204e-03
-2.088216781616210938e+00,9.685896337032318115e-03,1.000000000000000000e+02,-3.999934498235097635e+01,4.191955566406250000e+01,4.068633541464805603e-03
1.951548337936401367e+00,9.617988020181655884e-03,1.000000000000000000e+02,-3.974581718796648744e+01,4.161548614501953125e+01,9.637180715799331665e-03
7.555521130561828613e-01,9.560761973261833191e-03,1.000000000000000000e+02,-4.006153499656569750e+01,4.180403137207031250e+01,7.202946580946445465e-03
-1.936042547225952148e+00,9.505744092166423798e-03,1.000000000000000000e+02,-4.026317927748557679e+01,4.208110809326171875e+01,1.040302310138940811e-02
-1.890469074249267578e+00,9.462871588766574860e-03,1.000000000000000000e+02,-4.027759858100645118e+01,4.164553070068359375e+01,2.142983675003051758e-02
1.162353038787841797e+00,9.388089179992675781e-03,1.000000000000000000e+02,-4.036380897139054014e+01,4.188584899902343750e+01,9.476001374423503876e-03
6.987068057060241699e-01,9.324803017079830170e-03,1.000000000000000000e+02,-4.055743466774302419e+01,4.224711227416992188e+01,7.300654426217079163e-03
-2.223095893859863281e+00,9.312348440289497375e-03,1.000000000000000000e+02,-4.014920332647821510e+01,4.205132293701171875e+01,1.182914432138204575e-02
4.243654012680053711e-01,9.152035228908061981e-03,1.000000000000000000e+02,-4.014238806002958171e+01,4.182678985595703125e+01,5.568682216107845306e-03
-2.555041313171386719e+00,9.102328680455684662e-03,1.000000000000000000e+02,-4.019384104667995672e+01,4.226819610595703125e+01,4.421557765454053879e-03
-7.260882258415222168e-01,9.040495380759239197e-03,1.000000000000000000e+02,-4.028621938974139738e+01,4.147494125366210938e+01,9.619824588298797607e-03
1.735019087791442871e-01,8.977407589554786682e-03,1.000000000000000000e+02,-4.047670389112600731e+01,4.179802703857421875e+01,5.171834956854581833e-03
-1.435512304306030273e+00,8.995425887405872345e-03,1.000000000000000000e+02,-4.044769737350210903e+01,4.244973373413085938e+01,7.070133462548255920e-03
2.279791831970214844e+00,8.977000601589679718e-03,1.000000000000000000e+02,-3.992422475132649140e+01,4.122325897216796875e+01,8.156454190611839294e-03
-2.770769596099853516e-02,8.973281830549240112e-03,1.000000000000000000e+02,-4.020106296636615895e+01,4.163468551635742188e+01,6.612671073526144028e-03
5.116069316864013672e-01,8.919020183384418488e-03,1.000000000000000000e+02,-3.947897058526692149e+01,4.095020294189453125e+01,9.032228961586952209e-03
-1.270045489072799683e-01,8.902296423912048340e-03,1.000000000000000000e+02,-3.918763310855410253e+01,4.146685791015625000e+01,5.820838268846273422e-03
2.037680864334106445e+00,8.905178867280483246e-03,1.000000000000000000e+02,-3.905992675914804124e+01,4.143816375732421875e+01,4.735718015581369400e-03
-2.084354639053344727e+00,8.920934051275253296e-03,1.000000000000000000e+02,-3.944473450071311760e+01,4.180948638916015625e+01,1.155861001461744308e-02
-3.216302096843719482e-01,8.849362842738628387e-03,1.000000000000000000e+02,-4.105100894222222507e+01,4.124586105346679688e+01,7.456272840499877930e-03
1.266105532646179199e+00,8.859102614223957062e-03,1.000000000000000000e+02,-4.203231304284371816e+01,4.070822906494140625e+01,7.592394948005676270e-03
9.452611207962036133e-01,8.956899866461753845e-03,1.000000000000000000e+02,-4.211520682727159226e+01,4.239978027343750000e+01,3.033661283552646637e-02
-1.153317093849182129e+00,9.036060422658920288e-03,1.000000000000000000e+02,-4.183908597634329851e+01,4.223640823364257812e+01,1.206351537257432938e-02
-2.437308788299560547e+00,9.162829257547855377e-03,1.000000000000000000e+02,-4.100452810075969978e+01,4.255220794677734375e+01,7.712488994002342224e-03
1.176722645759582520e+00,9.263798594474792480e-03,1.000000000000000000e+02,-4.054089460014955648e+01,4.201984405517578125e+01,6.373389158397912979e-03
-6.734383106231689453e-01,9.355413727462291718e-03,1.000000000000000000e+02,-4.057534523557117012e+01,4.148571395874023438e+01,8.110155351459980011e-03
6.524398922920227051e-01,9.398820810019969940e-03,1.000000000000000000e+02,-4.094091696085662591e+01,4.112982940673828125e+01,8.955277502536773682e-03
4.577114582061767578e+00,9.399677626788616180e-03,1.000000000000000000e+02,-4.253537367504717537e+01,4.141418075561523438e+01,1.026428677141666412e-02
1.507512211799621582e+00,9.483515284955501556e-03,1.000000000000000000e+02,-4.186972206275572717e+01,4.165430068969726562e+01,1.057661790400743484e-02
-1.125867962837219238e+00,9.475699625909328461e-03,1.000000000000000000e+02,-4.290036073428967711e+01,4.199601364135742188e+01,6.955928169190883636e-03
1.374025464057922363e+00,9.508432820439338684e-03,1.000000000000000000e+02,-4.266333769982465185e+01,4.140335845947265625e+01,1.263834536075592041e-02
4.753026008605957031e+00,9.624010883271694183e-03,1.000000000000000000e+02,-4.278527665283577619e+01,4.054804992675781250e+01,1.180758327245712280e-02
2.864571094512939453e+00,9.714907035231590271e-03,1.000000000000000000e+02,-4.254926888607663216e+01,4.081713867187500000e+01,9.878701530396938324e-03
-1.609645128250122070e+00,9.713484905660152435e-03,1.000000000000000000e+02,-4.251164041196048515e+01,4.082920074462890625e+01,1.155731175094842911e-02
-3.349972963333129883e-01,9.710127487778663635e-03,1.000000000000000000e+02,-4.169292165298401898e+01,4.129198074340820312e+01,1.796038076281547546e-02
-7.849389314651489258e-01,9.695433080196380615e-03,1.000000000000000000e+02,-4.243865997762084419e+01,4.141292953491210938e+01,1.114307530224323273e-02
4.468594491481781006e-01,9.688764810562133789e-03,1.000000000000000000e+02,-4.265313786327959633e+01,4.169520568847656250e+01,2.015163935720920563e-02
-4.658917784690856934e-01,9.731686674058437347e-03,1.000000000000000000e+02,-4.244373239401071629e+01,4.197098159790039062e+01,1.760824583470821381e-02
-9.841603040695190430e-02,9.729120880365371704e-03,1.000000000000000000e+02,-4.221159580282387935e+01,4.142877197265625000e+01,1.497506909072399139e-02
-3.000397443771362305e+00,9.801276028156280518e-03,1.000000000000000000e+02,-4.177958619551936437e+01,4.077216339111328125e+01,7.762723602354526520e-03
7.236386537551879883e-01,9.846005588769912720e-03,1.000000000000000000e+02,-4.223916305056425813e+01,4.187914276123046875e+01,1.569297537207603455e-02
-9.687204360961914062e-01,9.907740168273448944e-03,1.000000000000000000e+02,-4.139316914045193840e+01,4.076549148559570312e+01,1.179127860814332962e-02
-1.063836097717285156e+00,9.894388727843761444e-03,1.000000000000000000e+02,-4.145179407197370125e+01,4.104447937011718750e+01,1.037515141069889069e-02
-1.933521628379821777e-01,9.951442480087280273e-03,1.000000000000000000e+02,-4.116960276813041730e+01,4.169977188110351562e+01,1.334477867931127548e-02
-2.717911243438720703e+00,1.000186428427696228e-02,1.000000000000000000e+02,-4.142267298602036618e+01,4.119010543823242188e+01,1.423010509461164474e-02
-8.310159444808959961e-01,9.995032101869583130e-03,1.000000000000000000e+02,-4.108817144071572613e+01,4.126268768310546875e+01,1.261739246547222137e-02
1.758734226226806641e+00,1.006331760436296463e-02,1.000000000000000000e+02,-4.093459292861351173e+01,4.105637359619140625e+01,1.122270431369543076e-02
-1.084702968597412109e+00,1.012167893350124359e-02,1.000000000000000000e+02,-4.016289562505935606e+01,4.204741287231445312e+01,9.752090089023113251e-03
1.000643968582153320e+00,1.014763489365577698e-02,1.000000000000000000e+02,-4.075219745446597841e+01,4.140802001953125000e+01,9.855397045612335205e-03
-1.647277355194091797e+00,1.014068350195884705e-02,1.000000000000000000e+02,-4.053278669054694205e+01,4.184568786621093750e+01,1.063880044966936111e-02
-5.743113756179809570e-01,1.009479258209466934e-02,1.000000000000000000e+02,-4.061116293529303789e+01,4.007095718383789062e+01,7.153021171689033508e-03
1.718808054924011230e+00,1.011001504957675934e-02,1.000000000000000000e+02,-4.046060954460061510e+01,4.016855621337890625e+01,5.269300658255815506e-03
3.401077508926391602e+00,1.004394050687551498e-02,1.000000000000000000e+02,-4.092126048156942630e+01,4.009896087646484375e+01,1.257560122758150101e-02
4.323110282421112061e-01,1.006862148642539978e-02,1.000000000000000000e+02,-4.169290771149836416e+01,4.043930816650390625e+01,1.382270082831382751e-02
2.810511589050292969e-01,1.005521137267351151e-02,1.000000000000000000e+02,-4.173669965691013317e+01,4.139168548583984375e+01,3.155120462179183960e-02
-1.585379123687744141e+00,1.006176322698593140e-02,1.000000000000000000e+02,-4.132444543214074884e+01,4.147838973999023438e+01,1.289309561252593994e-02
6.425657272338867188e-01,1.011425815522670746e-02,1.000000000000000000e+02,-4.133411856350759450e+01,4.088318252563476562e+01,2.342989295721054077e-02
-1.157888293266296387e+00,1.016692537814378738e-02,1.000000000000000000e+02,-4.083579785124894812e+01,4.106344985961914062e+01,1.293622516095638275e-02
