-9.159811019897460938e+00,3.357437849044799805e-01,3.630000000000000000e+02,-2.392103231325745760e+00,-7.387277126312255859e+00,5.442380905151367188e-02
-2.051424598693847656e+01,7.579524070024490356e-02,5.000000000000000000e+02,-8.581304569970816587e+00,-7.519866466522216797e+00,1.984624192118644714e-02
-2.206072235107421875e+01,2.064517140388488770e-02,5.000000000000000000e+02,-1.707259331289399285e+01,-6.672510623931884766e+00,2.552149444818496704e-02
-1.214710044860839844e+01,1.040323916822671890e-02,5.000000000000000000e+02,-2.379854540115888284e+01,-5.687843322753906250e+00,1.332447212189435959e-02
-2.616518020629882812e+00,5.921343807131052017e-03,5.000000000000000000e+02,-2.561125206296126677e+01,-4.715866088867187500e+00,1.786001957952976227e-02
-7.099617958068847656e+00,4.258878994733095169e-03,5.000000000000000000e+02,-2.637710485361274593e+01,-3.829850196838378906e+00,6.684995256364345551e-03
-6.874527931213378906e+00,3.383804578334093094e-03,5.000000000000000000e+02,-3.206928116855168298e+01,-3.027050495147705078e+00,1.784588396549224854e-02
3.702813386917114258e+00,2.775743836537003517e-03,5.000000000000000000e+02,-3.832985999870584948e+01,-1.725976943969726562e+00,1.276683621108531952e-02
-3.824892520904541016e+00,3.231897251680493355e-03,5.000000000000000000e+02,-3.948508925777050393e+01,-2.105215549468994141e+00,6.413530558347702026e-03
-7.854675650596618652e-01,3.912634681910276413e-03,5.000000000000000000e+02,-4.313107151428167185e+01,-8.807628750801086426e-01,2.667631488293409348e-03
-4.285665512084960938e+00,4.304768517613410950e-03,5.000000000000000000e+02,-4.718042463183243029e+01,-3.665742874145507812e-01,5.461656488478183746e-03
4.975250720977783203e+00,5.524834152311086655e-03,5.000000000000000000e+02,-4.973516332452592081e+01,2.621639668941497803e-01,1.104223169386386871e-02
1.685326099395751953e+00,6.010551471263170242e-03,5.000000000000000000e+02,-5.022140041642230557e+01,5.610018968582153320e-01,4.068482667207717896e-02
2.252891540527343750e+00,6.163776852190494537e-03,3.500000000000000000e+01,-4.785777996463278328e+01,4.973281025886535645e-01,1.757918670773506165e-02
-3.979523897171020508e+00,6.062035914510488510e-03,2.100000000000000000e+02,-4.726325423365895517e+01,4.005275964736938477e-01,3.318189084529876709e-02
-7.102177619934082031e+00,6.019658409059047699e-03,7.000000000000000000e+00,-4.490894022264839691e+01,-2.199896275997161865e-01,3.098675236105918884e-02
-1.908559203147888184e+00,4.798095673322677612e-03,5.000000000000000000e+02,-5.045024026701672426e+01,9.507732391357421875e-01,2.098285593092441559e-02
-2.218957185745239258e+00,4.938687663525342941e-03,5.000000000000000000e+02,-5.467678065529796072e+01,1.426136136054992676e+00,1.290675904601812363e-02
-1.721985697746276855e+00,4.784075077623128891e-03,5.000000000000000000e+02,-5.719552481668458199e+01,2.247199773788452148e+00,8.376612327992916107e-03
-1.662890434265136719e+00,4.006464965641498566e-03,5.000000000000000000e+02,-5.854195443712077918e+01,2.508721113204956055e+00,2.523365430533885956e-02
4.463544845581054688e+00,4.134250804781913757e-03,5.000000000000000000e+02,-6.215432914620918581e+01,3.420495986938476562e+00,1.394408009946346283e-02
-2.056142091751098633e+00,4.384588915854692459e-03,5.000000000000000000e+02,-6.234765146560935278e+01,3.625054597854614258e+00,6.268531829118728638e-02
-3.299469709396362305e+00,4.494240041822195053e-03,3.600000000000000000e+01,-5.936840301590009972e+01,3.305094242095947266e+00,9.709484875202178955e-03
1.516940116882324219e+00,4.395036492496728897e-03,1.700000000000000000e+01,-5.653308102092397291e+01,3.792861461639404297e+00,3.279197216033935547e-02
-4.545067787170410156e+00,4.944552667438983917e-03,5.000000000000000000e+02,-6.076818160392284085e+01,4.461508750915527344e+00,2.533334195613861084e-01
-2.896996498107910156e+00,4.789658356457948685e-03,2.200000000000000000e+01,-5.778943103284704108e+01,3.771453380584716797e+00,1.746826246380805969e-02
8.123264312744140625e+00,5.873372778296470642e-03,5.000000000000000000e+02,-5.984570937219524467e+01,5.096559524536132812e+00,4.008975997567176819e-02
-1.277651667594909668e+00,5.455723032355308533e-03,5.000000000000000000e+02,-6.072451050736110290e+01,4.950018882751464844e+00,3.065586090087890625e-02
-2.844654083251953125e+00,6.547320634126663208e-03,5.000000000000000000e+02,-5.868013110309561853e+01,4.555210590362548828e+00,1.262813359498977661e-01
-2.350152969360351562e+00,6.471390370279550552e-03,5.000000000000000000e+00,-5.574217894248400995e+01,5.367843627929687500e+00,1.259812898933887482e-02
-2.281802177429199219e+00,6.386999972164630890e-03,6.000000000000000000e+00,-5.294851012645784039e+01,4.850320816040039062e+00,5.678509175777435303e-02
1.333954930305480957e-01,6.342214066535234451e-03,5.400000000000000000e+01,-5.071885063611161826e+01,4.388958930969238281e+00,1.682043820619583130e-02
-4.954589843750000000e+00,7.955943234264850616e-03,5.000000000000000000e+02,-5.451856723291980700e+01,5.741030216217041016e+00,3.988792747259140015e-02
-3.398262977600097656e+00,6.854616571217775345e-03,3.600000000000000000e+01,-5.196175229485598379e+01,4.983101844787597656e+00,4.485487565398216248e-02
-2.068865537643432617e+00,6.157270167022943497e-03,5.000000000000000000e+02,-5.368705189614473738e+01,5.036674022674560547e+00,3.447891026735305786e-02
2.350922822952270508e+00,6.153052672743797302e-03,5.000000000000000000e+00,-5.100283826435138934e+01,4.842842578887939453e+00,3.590847179293632507e-02
-2.350904464721679688e+00,6.115982308983802795e-03,8.000000000000000000e+00,-4.847513866404496952e+01,5.102537155151367188e+00,4.371168091893196106e-02
3.782676935195922852e+00,5.830834619700908661e-03,5.000000000000000000e+02,-5.316284265573634116e+01,5.614562988281250000e+00,3.291058540344238281e-02
-4.535937011241912842e-01,7.663862314075231552e-03,5.000000000000000000e+02,-5.829185195666325825e+01,5.486106872558593750e+00,1.685369573533535004e-02
-4.266540050506591797e+00,7.821352221071720123e-03,5.000000000000000000e+02,-6.208530866827005212e+01,6.078040122985839844e+00,4.408821836113929749e-02
-5.852723121643066406e+00,8.270899765193462372e-03,5.000000000000000000e+02,-6.489613240176601039e+01,6.119390964508056641e+00,2.106103673577308655e-02
1.338847279548645020e-01,8.016296662390232086e-03,1.200000000000000000e+01,-6.169105282727335293e+01,6.052385807037353516e+00,3.205135837197303772e-02
7.007555365562438965e-01,7.945210672914981842e-03,3.370000000000000000e+02,-6.047298841092270294e+01,6.067566871643066406e+00,5.086601153016090393e-02
1.067728877067565918e+00,6.438379641622304916e-03,5.000000000000000000e+02,-6.355508736420539861e+01,6.671553134918212891e+00,5.178773403167724609e-02
-1.377825975418090820e+00,6.515684071928262711e-03,6.000000000000000000e+00,-6.034463944693579407e+01,5.848153114318847656e+00,3.390922769904136658e-02
2.885293960571289062e+00,6.810886319726705551e-03,1.740000000000000000e+02,-5.947287435918713783e+01,6.887555122375488281e+00,4.944178462028503418e-01
-4.142455577850341797e+00,6.671000272035598755e-03,5.000000000000000000e+02,-6.403489101092200997e+01,6.232630729675292969e+00,5.698873400688171387e-01
7.140158414840698242e-01,6.637446116656064987e-03,4.000000000000000000e+00,-6.081118531974328079e+01,6.349014759063720703e+00,9.906671196222305298e-02
-7.748819828033447266e+00,6.582650355994701385e-03,5.000000000000000000e+00,-5.776188689226471951e+01,5.932769775390625000e+00,1.335092037916183472e-01
-1.095009684562683105e+00,8.031252771615982056e-03,5.000000000000000000e+02,-5.970601115274514115e+01,6.928405761718750000e+00,7.250821590423583984e-02
1.480424404144287109e-02,9.371620602905750275e-03,5.000000000000000000e+02,-6.067568452969869952e+01,6.873587608337402344e+00,3.853170573711395264e-02
-1.190242290496826172e+00,8.563316427171230316e-03,3.180000000000000000e+02,-5.902100804224507868e+01,7.169672012329101562e+00,1.171196326613426208e-01
1.124526023864746094e+00,8.913233876228332520e-03,1.920000000000000000e+02,-5.789307835969976423e+01,6.490659236907958984e+00,4.316347464919090271e-02
-6.579308986663818359e+00,9.210419841110706329e-03,5.000000000000000000e+02,-5.764079081208725341e+01,7.130082130432128906e+00,4.037275910377502441e-02
-1.219671726226806641e+00,7.572159636765718460e-03,5.000000000000000000e+02,-6.046390267443317867e+01,6.443612575531005859e+00,5.535713583230972290e-02
1.739840209484100342e-01,7.589337415993213654e-03,5.000000000000000000e+00,-5.743937568013942041e+01,6.464032173156738281e+00,3.332152217626571655e-02
1.660148382186889648e+00,7.608407177031040192e-03,5.000000000000000000e+00,-5.456043386832199360e+01,6.951458930969238281e+00,3.915950655937194824e-02
-3.313810825347900391e+00,7.876639254391193390e-03,5.000000000000000000e+02,-5.708385284021800743e+01,6.988244533538818359e+00,5.986758694052696228e-02
-1.809994935989379883e+00,7.875546813011169434e-03,5.000000000000000000e+00,-5.419941340193441448e+01,6.794873714447021484e+00,3.984662145376205444e-02
1.798306703567504883e-01,8.183846250176429749e-03,4.070000000000000000e+02,-5.555116852356768220e+01,6.701860904693603516e+00,1.195412054657936096e-01
-3.816576004028320312e-01,7.615612354129552841e-03,1.500000000000000000e+02,-5.489915793485529605e+01,7.252455234527587891e+00,8.239446282386779785e-01
-1.148615956306457520e+00,7.586055435240268707e-03,9.800000000000000000e+01,-5.275574626809341794e+01,6.814374923706054688e+00,3.842930123209953308e-02
1.318588376045227051e+00,9.027507156133651733e-03,4.560000000000000000e+02,-5.455795989927335654e+01,7.019103527069091797e+00,4.045625329017639160e-01
1.035588264465332031e+00,8.645171299576759338e-03,5.000000000000000000e+02,-5.506275156211703603e+01,6.894759654998779297e+00,9.571988582611083984e-01
-1.517226457595825195e+00,9.414534084498882294e-03,5.000000000000000000e+02,-5.684651851665980615e+01,6.763195514678955078e+00,5.304449796676635742e-02
-2.856598138809204102e+00,8.948652073740959167e-03,1.460000000000000000e+02,-5.489602885667390098e+01,6.479578971862792969e+00,3.618312627077102661e-02
5.073777198791503906e+00,8.770520798861980438e-03,5.000000000000000000e+02,-5.542602767178377832e+01,6.883211135864257812e+00,3.771346434950828552e-02
2.241160869598388672e-01,7.802916690707206726e-03,5.000000000000000000e+02,-5.595485947421454398e+01,6.872725486755371094e+00,4.635427892208099365e-01
8.572852015495300293e-01,7.790651638060808182e-03,2.200000000000000000e+01,-5.323192347793976609e+01,7.344893932342529297e+00,5.051763728260993958e-02
3.878858089447021484e-01,7.531300187110900879e-03,5.000000000000000000e+02,-5.549133319642385231e+01,7.207783222198486328e+00,5.190475657582283020e-02
-2.733722925186157227e+00,7.382374722510576248e-03,5.000000000000000000e+02,-5.884262062850771713e+01,6.985545635223388672e+00,4.951262474060058594e-02
-6.072376966476440430e-01,7.353074382990598679e-03,4.000000000000000000e+00,-5.587174179448206957e+01,7.349493026733398438e+00,5.215654149651527405e-02
2.191669464111328125e+00,7.330396212637424469e-03,4.000000000000000000e+00,-5.306504212472680848e+01,7.579070568084716797e+00,6.064681708812713623e-02
-2.831706047058105469e+00,7.319223135709762573e-03,4.000000000000000000e+00,-5.038322807770124712e+01,7.882873535156250000e+00,2.562595717608928680e-02
-1.890143871307373047e+00,7.344184443354606628e-03,1.100000000000000000e+01,-4.788427404929046105e+01,7.573641777038574219e+00,1.170208901166915894e-01
1.809085607528686523e+00,7.154782302677631378e-03,5.000000000000000000e+02,-4.953452948897234620e+01,7.662082195281982422e+00,1.030286103487014771e-01
1.027622580528259277e+00,6.809811573475599289e-03,5.000000000000000000e+02,-5.150652662995030084e+01,7.579692840576171875e+00,1.094206929206848145e+00
-1.755451679229736328e+00,6.813901010900735855e-03,8.000000000000000000e+00,-4.896659641169946298e+01,8.045768737792968750e+00,3.277505561709403992e-02
-9.230030179023742676e-01,6.769600789994001389e-03,1.480000000000000000e+02,-4.741310252702006522e+01,7.749612331390380859e+00,1.307673752307891846e-01
2.457256913185119629e-01,6.806724239140748978e-03,8.000000000000000000e+00,-4.505751920921584031e+01,7.331349372863769531e+00,4.942473024129867554e-02
-1.921130061149597168e+00,7.357953116297721863e-03,5.000000000000000000e+02,-4.849761959275932099e+01,8.254743576049804688e+00,6.138296127319335938e-01
-3.128502368927001953e+00,7.310039363801479340e-03,5.000000000000000000e+00,-4.608461249762042655e+01,7.845232963562011719e+00,7.113308459520339966e-02
2.103151798248291016e+00,7.170038297772407532e-03,5.000000000000000000e+02,-4.948944474780163461e+01,7.775328159332275391e+00,6.728136539459228516e-02
-1.560115337371826172e+00,8.394587785005569458e-03,5.000000000000000000e+02,-4.987975318789403900e+01,7.723154067993164062e+00,3.964058309793472290e-02
-1.631214618682861328e+00,8.080005645751953125e-03,5.000000000000000000e+02,-5.367133508492931782e+01,7.832510471343994141e+00,3.986113891005516052e-02
-6.292746067047119141e+00,7.678431924432516098e-03,5.000000000000000000e+02,-5.946755778219256428e+01,7.948931694030761719e+00,2.052220344543457031e+00
-3.196791887283325195e+00,7.612377405166625977e-03,7.000000000000000000e+00,-5.649235353822167838e+01,8.155669212341308594e+00,6.062337011098861694e-02
-1.810573339462280273e+00,7.556282449513673782e-03,6.000000000000000000e+00,-5.368887539587342417e+01,7.659331798553466797e+00,6.198701262474060059e-02
-3.633428573608398438e+00,8.498536422848701477e-03,5.000000000000000000e+02,-5.619396282869406178e+01,8.173487663269042969e+00,6.105948239564895630e-02
1.303255796432495117e+00,8.980575948953628540e-03,5.000000000000000000e+02,-5.526408987939046114e+01,8.918972015380859375e+00,4.765049740672111511e-02
-3.001083612442016602e+00,8.754701353609561920e-03,5.000000000000000000e+02,-5.595193926967384357e+01,7.978753566741943359e+00,1.430187374353408813e-01
9.527264237403869629e-01,8.714646100997924805e-03,7.000000000000000000e+00,-5.315290328391732544e+01,8.229323387145996094e+00,6.651716679334640503e-02
7.420846462249755859e+00,8.163178339600563049e-03,5.000000000000000000e+02,-5.227882563119803194e+01,8.234661102294921875e+00,7.324007153511047363e-02
3.062614917755126953e+00,8.701960556209087372e-03,4.600000000000000000e+01,-4.989645498835434978e+01,8.459976196289062500e+00,7.146157324314117432e-02
-2.334229707717895508e+00,8.403847925364971161e-03,7.800000000000000000e+01,-4.766242250968983996e+01,7.512998580932617188e+00,1.226358711719512939e-01
8.013159632682800293e-01,7.276767399162054062e-03,5.000000000000000000e+02,-5.203208032485319023e+01,7.878682136535644531e+00,3.055247366428375244e-01
4.145510792732238770e-01,7.210921961814165115e-03,2.100000000000000000e+01,-4.955364748797962449e+01,7.739993095397949219e+00,8.202819228172302246e-01
-2.290031433105468750e+00,7.495151832699775696e-03,5.000000000000000000e+02,-5.354798836635094972e+01,8.681994438171386719e+00,7.045578956604003906e-02
-1.724669456481933594e+00,7.516102865338325500e-03,2.200000000000000000e+01,-5.091108725295926263e+01,8.312034606933593750e+00,7.508474588394165039e-02
-4.653758406639099121e-01,7.026996463537216187e-03,5.000000000000000000e+02,-5.388626452439915937e+01,8.178788185119628906e+00,7.424865663051605225e-02
-2.236659049987792969e+00,8.357403799891471863e-03,5.000000000000000000e+02,-5.657993963381844083e+01,7.861401557922363281e+00,1.607918292284011841e-01
1.151697874069213867e+00,8.345473557710647583e-03,5.000000000000000000e+00,-5.375313338433839050e+01,8.761599540710449219e+00,9.671195745468139648e-01
-7.554304599761962891e-02,8.195893839001655579e-03,4.110000000000000000e+02,-5.374390730888029566e+01,8.892226219177246094e+00,8.950249850749969482e-02
2.107281208038330078e+00,6.542296148836612701e-03,5.000000000000000000e+02,-5.347015751617760770e+01,8.043508529663085938e+00,1.407816857099533081e-01
4.139507412910461426e-01,7.176448125392198563e-03,5.000000000000000000e+02,-5.765508096156498397e+01,8.683728218078613281e+00,9.157070517539978027e-02
8.809735774993896484e-01,7.376368157565593719e-03,5.000000000000000000e+02,-5.642115350571604182e+01,8.869464874267578125e+00,5.206264927983283997e-02
-1.660202383995056152e+00,7.680764421820640564e-03,6.700000000000000000e+01,-5.399538696365520707e+01,8.214895248413085938e+00,1.017930507659912109e-01
2.153068542480468750e+00,7.597803138196468353e-03,1.240000000000000000e+02,-5.263970392834760048e+01,9.005563735961914062e+00,5.553217977285385132e-02
2.716260433197021484e+00,7.557370699942111969e-03,5.000000000000000000e+02,-5.595628613038148558e+01,7.909413337707519531e+00,8.522740006446838379e-02
3.056682109832763672e+00,7.644675206393003464e-03,2.300000000000000000e+01,-5.324965566835052755e+01,8.057518959045410156e+00,8.311017602682113647e-02
6.382344722747802734e+00,7.590111810714006424e-03,5.000000000000000000e+02,-5.833980096547985994e+01,8.298657417297363281e+00,3.256496787071228027e-01
-1.095862984657287598e-01,8.005379699170589447e-03,5.000000000000000000e+02,-6.249848890811925628e+01,8.486778259277343750e+00,6.326977908611297607e-02
-9.475165009498596191e-01,7.585147861391305923e-03,5.000000000000000000e+02,-6.590407012773245299e+01,7.461171150207519531e+00,8.699467033147811890e-02
3.202098309993743896e-01,7.570596411824226379e-03,5.000000000000000000e+00,-6.261071426326091682e+01,8.130329132080078125e+00,1.109335422515869141e-01
4.592414379119873047e+00,7.556462194770574570e-03,8.000000000000000000e+00,-5.947578447985254257e+01,8.406863212585449219e+00,9.407798945903778076e-02
3.690518140792846680e-01,8.024221286177635193e-03,5.000000000000000000e+02,-6.044142842541111094e+01,8.746734619140625000e+00,7.462792098522186279e-02
-2.939476966857910156e+00,9.167763404548168182e-03,4.560000000000000000e+02,-6.093980956835025609e+01,9.057067871093750000e+00,7.849902659654617310e-02
-4.393917322158813477e-01,7.714794483035802841e-03,5.000000000000000000e+02,-6.234071500946432565e+01,8.796484947204589844e+00,6.362319737672805786e-02
-2.544011473655700684e-01,8.503980003297328949e-03,5.000000000000000000e+02,-6.159035560278229582e+01,9.447949409484863281e+00,1.613510727882385254e+00
1.013260006904602051e+00,8.564206771552562714e-03,7.000000000000000000e+00,-5.850116441534187572e+01,8.946096420288085938e+00,9.129578620195388794e-02
3.926179170608520508e+00,9.140220470726490021e-03,5.000000000000000000e+02,-6.091146685944909933e+01,8.147950172424316406e+00,7.500546425580978394e-02
-1.439594030380249023e+00,9.323575533926486969e-03,5.000000000000000000e+02,-6.474776110292543763e+01,9.320017814636230469e+00,6.757684797048568726e-02
1.139432191848754883e+00,9.303493425250053406e-03,7.000000000000000000e+00,-6.153037991863008926e+01,8.442139625549316406e+00,7.842591404914855957e-02
5.112218379974365234e+00,9.301683865487575531e-03,1.000000000000000000e+01,-5.848384667763551903e+01,8.599092483520507812e+00,9.328718483448028564e-02
5.506131649017333984e+00,9.022068232297897339e-03,5.000000000000000000e+02,-6.199987564000456075e+01,7.688597202301025391e+00,7.953970134258270264e-02
-2.336274147033691406e+00,8.545494638383388519e-03,3.680000000000000000e+02,-6.097021270356893297e+01,8.958833694458007812e+00,7.279313355684280396e-02
-2.879102230072021484e+00,7.376452442258596420e-03,5.000000000000000000e+02,-6.537082092920148568e+01,8.739596366882324219e+00,1.852200478315353394e-01
-3.758981227874755859e-01,7.824205793440341949e-03,5.000000000000000000e+02,-6.913715723851068162e+01,9.062309265136718750e+00,9.220062941312789917e-02
5.856142640113830566e-01,8.771825581789016724e-03,5.000000000000000000e+02,-6.921103368762936725e+01,9.018790245056152344e+00,1.468292325735092163e-01
9.290522336959838867e-01,1.035887189209461212e-02,2.860000000000000000e+02,-7.125762924668059384e+01,8.915622711181640625e+00,1.156467556953430176e+00
-1.091800212860107422e+00,8.246951736509799957e-03,5.000000000000000000e+02,-7.418110998234175213e+01,1.053945922851562500e+01,3.039857149124145508e-01
2.409130811691284180e+00,8.256095461547374725e-03,1.200000000000000000e+01,-7.048805490643253790e+01,8.149426460266113281e+00,1.347215920686721802e-01
-1.700890660285949707e-01,8.275941014289855957e-03,7.000000000000000000e+00,-6.696658133247194655e+01,7.908466339111328125e+00,1.284966021776199341e-01
-6.038030147552490234e+00,8.920296095311641693e-03,1.490000000000000000e+02,-6.522961162479980146e+01,9.035787582397460938e+00,8.758900165557861328e-01
-2.079738855361938477e+00,1.013072207570075989e-02,5.000000000000000000e+02,-6.897776012623955921e+01,9.349004745483398438e+00,1.670509427785873413e-01
1.435698866844177246e+00,1.018691435456275940e-02,6.200000000000000000e+01,-6.614710487231033653e+01,8.134960174560546875e+00,1.082634627819061279e-01
3.469574451446533203e+00,1.106358133256435394e-02,1.130000000000000000e+02,-6.314086591975586060e+01,6.930783748626708984e+00,3.857651650905609131e-01
2.219574451446533203e+00,1.141137070953845978e-02,5.000000000000000000e+02,-6.468992754624895269e+01,5.667192459106445312e+00,1.798170804977416992e-01
-3.987050771713256836e+00,1.140583213418722153e-02,1.100000000000000000e+01,-6.143034042608024237e+01,9.001226425170898438e+00,1.356139034032821655e-01
2.568312644958496094e+00,1.069739554077386856e-02,5.000000000000000000e+02,-6.636147346835426220e+01,7.825412273406982422e+00,2.538964450359344482e-01
-1.864995956420898438e-01,9.890114888548851013e-03,5.000000000000000000e+02,-6.963411896431483683e+01,7.826061248779296875e+00,1.958270370960235596e-01
-7.659393548965454102e-02,1.254014763981103897e-02,4.420000000000000000e+02,-6.903115791492869846e+01,7.806560039520263672e+00,7.907704710960388184e-01
-3.933561325073242188e+00,1.142919436097145081e-02,5.000000000000000000e+02,-7.033981605785638180e+01,7.630236625671386719e+00,5.006067752838134766e-01
-8.211413621902465820e-01,1.219824515283107758e-02,5.000000000000000000e+02,-6.915877717742495179e+01,6.141994476318359375e+00,7.638407349586486816e-01
-1.248585432767868042e-01,1.057876739650964737e-02,5.000000000000000000e+02,-7.059087207037298128e+01,7.648443222045898438e+00,2.353451490402221680e+00
-3.026917576789855957e-01,1.072488911449909210e-02,4.270000000000000000e+02,-7.083797369195454507e+01,5.992554664611816406e+00,2.133974134922027588e-01
4.021910727024078369e-01,1.080447062849998474e-02,6.600000000000000000e+01,-6.766829312372964012e+01,6.636641979217529297e+00,2.202027797698974609e+00
-9.643835425376892090e-01,1.072514988481998444e-02,3.700000000000000000e+01,-6.438773017912927799e+01,8.797144889831542969e+00,2.786168158054351807e-01
-1.231486082077026367e+00,9.856387041509151459e-03,5.000000000000000000e+02,-6.434476895711404154e+01,6.891766548156738281e+00,1.124168410897254944e-01
-1.792698025703430176e+00,1.016526762396097183e-02,5.000000000000000000e+02,-6.678680194283528238e+01,6.733159542083740234e+00,1.423243433237075806e-01
-2.262622117996215820e-01,9.571997448801994324e-03,5.000000000000000000e+02,-6.511174063809716017e+01,7.637416362762451172e+00,1.887323409318923950e-01
-4.742470383644104004e-01,9.673645719885826111e-03,5.000000000000000000e+02,-6.826117828892273565e+01,6.147645950317382812e+00,6.073508858680725098e-01
-2.819305181503295898e+00,1.007540337741374969e-02,3.430000000000000000e+02,-6.621098247479669396e+01,7.053391456604003906e+00,1.022653952240943909e-01
1.441910982131958008e+00,9.994388557970523834e-03,5.000000000000000000e+02,-6.949977298449186947e+01,6.572154998779296875e+00,9.382117539644241333e-02
2.737129926681518555e+00,9.135083295404911041e-03,5.000000000000000000e+02,-7.204352449044260709e+01,5.889006137847900391e+00,1.673537194728851318e-01
1.558905839920043945e+00,9.478067047894001007e-03,8.000000000000000000e+01,-6.869736615798314006e+01,7.483757972717285156e+00,2.495399564504623413e-01
5.092120766639709473e-01,9.584790095686912537e-03,1.200000000000000000e+01,-6.525560152879474174e+01,6.730051040649414062e+00,1.285559833049774170e-01
-3.174638748168945312e-02,9.014490991830825806e-03,5.000000000000000000e+02,-6.786636452782711615e+01,6.593011856079101562e+00,1.611650586128234863e-01
2.975084304809570312e+00,1.012785360217094421e-02,5.000000000000000000e+02,-6.955385324977346784e+01,8.303424835205078125e+00,1.940042972564697266e-01
-3.272644519805908203e+00,1.018151361495256424e-02,2.300000000000000000e+01,-6.626556361346327151e+01,7.503613471984863281e+00,8.742900192737579346e-02
1.051735401153564453e+00,8.378815837204456329e-03,5.000000000000000000e+02,-6.646053226364094257e+01,6.607480525970458984e+00,7.881215959787368774e-02
1.191835761070251465e+00,9.725790470838546753e-03,5.000000000000000000e+02,-6.688687591714229086e+01,8.389469146728515625e+00,1.075127869844436646e-01
-3.676689386367797852e+00,9.833535179495811462e-03,5.000000000000000000e+02,-7.092606819857594758e+01,7.453275203704833984e+00,8.193517327308654785e-01
1.393297910690307617e+00,9.990338236093521118e-03,1.200000000000000000e+01,-6.737977509931937448e+01,9.136940002441406250e+00,2.372037887573242188e+00
8.856410384178161621e-01,1.030591316521167755e-02,7.900000000000000000e+01,-6.449715343281656033e+01,7.461193084716796875e+00,8.277446776628494263e-02
1.333837985992431641e+00,9.773936122655868530e-03,5.000000000000000000e+02,-6.653778612024365202e+01,6.816411972045898438e+00,7.840140908956527710e-02
-4.738489151000976562e+00,9.888412430882453918e-03,5.000000000000000000e+02,-7.048667047507007055e+01,6.211779594421386719e+00,8.428104966878890991e-02
2.120606184005737305e+00,9.764842689037322998e-03,5.000000000000000000e+02,-6.883775995747116383e+01,6.950364112854003906e+00,1.308162212371826172e-01
-2.002770900726318359e+00,1.049085892736911774e-02,5.000000000000000000e+02,-6.914953693837745163e+01,7.153140068054199219e+00,8.249279111623764038e-02
-2.020117342472076416e-01,1.047240104526281357e-02,1.800000000000000000e+01,-6.573142824146928831e+01,8.891299247741699219e+00,6.385377049446105957e-02
1.935263872146606445e+00,9.876273572444915771e-03,5.000000000000000000e+02,-6.885957754013531940e+01,8.439725875854492188e+00,7.493373006582260132e-02
2.286871910095214844e+00,9.887893684208393097e-03,1.900000000000000000e+01,-6.551443316268139938e+01,8.768049240112304688e+00,2.475027740001678467e-01
8.078849911689758301e-01,9.865372441709041595e-03,2.300000000000000000e+01,-6.228454211382422301e+01,8.360584259033203125e+00,1.232555881142616272e-01
9.343745112419128418e-01,9.784633293747901917e-03,1.600000000000000000e+01,-5.922843153466220656e+01,8.945591926574707031e+00,1.639682501554489136e-01
3.165218830108642578e-01,9.781013242900371552e-03,8.000000000000000000e+00,-5.624875523341162875e+01,8.098823547363281250e+00,6.391410529613494873e-02
3.046056985855102539e+00,8.840219117701053619e-03,5.000000000000000000e+02,-5.508568459241678994e+01,7.909805297851562500e+00,1.153628975152969360e-01
-1.703309297561645508e+00,8.745372295379638672e-03,5.000000000000000000e+02,-5.516903698930776301e+01,8.597940444946289062e+00,1.858642846345901489e-01
-8.314114809036254883e-02,9.318206459283828735e-03,5.000000000000000000e+02,-5.411621548418109029e+01,7.955111980438232422e+00,4.506733119487762451e-01
-4.642249047756195068e-01,9.421961382031440735e-03,9.000000000000000000e+00,-5.141545587411482643e+01,7.470625877380371094e+00,8.218240737915039062e-02
2.405788421630859375e+00,9.491942822933197021e-03,5.000000000000000000e+02,-5.517694691462478573e+01,9.209667205810546875e+00,2.076547890901565552e-01
8.174479007720947266e-01,8.567012846469879150e-03,5.000000000000000000e+02,-5.880177923489117120e+01,8.653645515441894531e+00,8.035353571176528931e-02
-2.752191305160522461e+00,8.785333484411239624e-03,5.000000000000000000e+02,-5.958261037842510177e+01,8.081919670104980469e+00,2.422416925430297852e+00
1.008491516113281250e+00,8.534349501132965088e-03,5.000000000000000000e+02,-5.828386582628910162e+01,7.788871765136718750e+00,7.955858707427978516e-01
7.475383281707763672e-01,9.021577425301074982e-03,5.000000000000000000e+02,-5.662003073802812025e+01,7.708487510681152344e+00,8.553034067153930664e-02
8.377146124839782715e-01,8.804691955447196960e-03,5.000000000000000000e+02,-5.655905064941110538e+01,8.679401397705078125e+00,1.093875989317893982e-01
2.225422620773315430e+00,8.402220904827117920e-03,5.000000000000000000e+02,-6.019415715821712354e+01,8.376045227050781250e+00,1.850217878818511963e-01
-1.406466603279113770e+00,7.624270860105752945e-03,3.410000000000000000e+02,-5.898438144060445154e+01,7.906358718872070312e+00,1.485781371593475342e-01
-6.148176193237304688e-01,7.625554222613573074e-03,5.000000000000000000e+00,-5.603394362197169443e+01,8.250109672546386719e+00,5.118754506111145020e-01
-2.647275686264038086e+00,8.370797149837017059e-03,5.000000000000000000e+02,-5.601221232809182027e+01,8.377243041992187500e+00,1.027384698390960693e-01
6.867392063140869141e-01,8.288922719657421112e-03,5.000000000000000000e+02,-5.827437233912625203e+01,8.301178932189941406e+00,8.964551240205764771e-02
-2.663148939609527588e-01,8.354276418685913086e-03,1.900000000000000000e+01,-5.545377096559399632e+01,8.373983383178710938e+00,3.397669315338134766e+00
-3.993729352951049805e-01,8.216042071580886841e-03,3.800000000000000000e+01,-5.277085110699886883e+01,8.750715255737304688e+00,8.485051244497299194e-02
4.121429920196533203e+00,8.319313637912273407e-03,3.610000000000000000e+02,-5.406259550748236364e+01,7.881985187530517578e+00,1.074665561318397522e-01
-6.698000431060791016e-02,8.305350318551063538e-03,8.900000000000000000e+01,-5.178860912831444807e+01,9.045071601867675781e+00,1.245835274457931519e-01
-2.325058937072753906e+00,7.765298243612051010e-03,5.000000000000000000e+02,-5.955921858853328388e+01,8.433662414550781250e+00,1.184170246124267578e-01
-2.081580400466918945e+00,8.684120140969753265e-03,5.000000000000000000e+02,-6.419579792088187276e+01,7.553328514099121094e+00,4.507589936256408691e-01
1.234643220901489258e+00,8.243299089372158051e-03,9.100000000000000000e+01,-6.151222155156354887e+01,8.624518394470214844e+00,3.037867844104766846e-01
-1.489770770072937012e+00,8.576126769185066223e-03,5.000000000000000000e+02,-6.457757247287273117e+01,9.508122444152832031e+00,7.952216267585754395e-01
-9.624278545379638672e-01,9.303613565862178802e-03,5.000000000000000000e+02,-6.752231676549541817e+01,8.967808723449707031e+00,8.419788628816604614e-02
1.152856707572937012e+00,9.311419911682605743e-03,6.000000000000000000e+00,-6.417675231980568640e+01,8.117812156677246094e+00,5.918260216712951660e-01
-6.068947911262512207e-02,9.297058917582035065e-03,1.000000000000000000e+01,-6.095678293625933009e+01,8.676414489746093750e+00,2.597979307174682617e-01
-5.693790435791015625e+00,9.282263927161693573e-03,4.000000000000000000e+00,-5.789603649675250807e+01,9.911119461059570312e+00,1.085369065403938293e-01
3.128810405731201172e+00,9.267448447644710541e-03,5.000000000000000000e+00,-5.498868574544221843e+01,8.831728935241699219e+00,9.405723214149475098e-02
3.653827607631683350e-01,9.386884979903697968e-03,5.000000000000000000e+02,-5.789286669035463717e+01,8.310505867004394531e+00,4.583968222141265869e-01
1.614902913570404053e-01,9.620795026421546936e-03,5.000000000000000000e+02,-6.214992677425566825e+01,8.894510269165039062e+00,1.557354331016540527e-01
3.215894222259521484e+00,1.008582953363656998e-02,3.070000000000000000e+02,-5.965023098881629693e+01,7.823786735534667969e+00,1.652237325906753540e-01
5.146260738372802734e+00,1.013282407075166702e-02,5.000000000000000000e+00,-5.666332032899864402e+01,8.363990783691406250e+00,1.250310242176055908e-01
-1.825906276702880859e+00,1.103970874100923538e-02,5.000000000000000000e+02,-5.825304107699312084e+01,8.219586372375488281e+00,2.393569946289062500e-01
-1.848256587982177734e+00,1.101883035153150558e-02,1.700000000000000000e+01,-5.537859783152084958e+01,8.414485931396484375e+00,1.175368353724479675e-01
-2.641176283359527588e-01,1.017255522310733795e-02,5.000000000000000000e+02,-5.791747404287630729e+01,8.202954292297363281e+00,3.345053493976593018e-01
3.611459136009216309e-01,1.014721859246492386e-02,5.000000000000000000e+02,-6.202079115999595160e+01,7.943058013916015625e+00,1.056805104017257690e-01
2.160255193710327148e+00,1.019067969173192978e-02,5.000000000000000000e+00,-5.892100186753484792e+01,8.123647689819335938e+00,1.834372878074645996e-01
-1.155452847480773926e+00,1.233529765158891678e-02,5.000000000000000000e+02,-6.073028961782954838e+01,9.053867340087890625e+00,2.326394081115722656e+00
3.587990522384643555e+00,1.174931135028600693e-02,5.000000000000000000e+02,-6.225369825305578786e+01,7.767778873443603516e+00,1.789219826459884644e-01
2.060494899749755859e+00,1.256786379963159561e-02,3.100000000000000000e+02,-6.098806633719489412e+01,9.139784812927246094e+00,1.250062882900238037e-01
-2.655960619449615479e-01,1.276837289333343506e-02,5.000000000000000000e+02,-6.364629056339712321e+01,7.847654342651367188e+00,2.068057060241699219e-01
9.734160304069519043e-01,1.212323922663927078e-02,5.000000000000000000e+02,-6.610630922909567175e+01,6.941094398498535156e+00,2.118148952722549438e-01
1.688747406005859375e+00,1.211377978324890137e-02,1.200000000000000000e+01,-6.284278355583489173e+01,7.391073703765869141e+00,1.756025552749633789e-01
-3.676771879196166992e+00,1.194805838167667389e-02,5.000000000000000000e+02,-6.573916168627832235e+01,8.598671913146972656e+00,7.220453023910522461e-01
6.804139018058776855e-01,1.225409563630819321e-02,5.000000000000000000e+02,-6.817418578713446209e+01,7.691934108734130859e+00,1.512577086687088013e-01
-1.779353737831115723e+00,1.161104906350374222e-02,5.000000000000000000e+02,-6.790821020505670447e+01,8.589995384216308594e+00,1.014266684651374817e-01
2.550025939941406250e+00,1.161058340221643448e-02,6.000000000000000000e+00,-6.450781893138341161e+01,7.563632011413574219e+00,1.952636539936065674e-01
5.054883956909179688e+00,1.136597152799367905e-02,2.040000000000000000e+02,-6.343761356581290300e+01,8.512995719909667969e+00,1.034680008888244629e-01
5.935226678848266602e-01,1.128284540027379990e-02,5.000000000000000000e+02,-6.525239403019187989e+01,8.381105422973632812e+00,9.843208640813827515e-02
-2.508452892303466797e+00,1.070417650043964386e-02,5.000000000000000000e+02,-6.514930522016034331e+01,8.362793922424316406e+00,1.697265386581420898e+00
1.185312271118164062e-01,1.034970767796039581e-02,2.040000000000000000e+02,-6.384323053998528508e+01,8.746445655822753906e+00,1.052312970161437988e+00
-4.466711997985839844e+00,1.009644381701946259e-02,5.000000000000000000e+02,-6.860519177425047133e+01,8.878435134887695312e+00,1.278860569000244141e-01
2.777925014495849609e+00,1.071449648588895798e-02,5.000000000000000000e+02,-6.759041587745382174e+01,9.352444648742675781e+00,1.482344269752502441e-01
1.663249731063842773e+00,1.050019264221191406e-02,5.000000000000000000e+02,-6.913728578734867369e+01,9.648127555847167969e+00,1.309181004762649536e-01
1.862541675567626953e+00,1.034326478838920593e-02,1.390000000000000000e+02,-6.802561246299295306e+01,9.119118690490722656e+00,4.861706793308258057e-01
2.540389299392700195e-01,1.034237723797559738e-02,6.000000000000000000e+00,-6.465067086712888056e+01,8.733636856079101562e+00,1.604318171739578247e-01
-5.728970170021057129e-01,9.927748702466487885e-03,5.000000000000000000e+02,-6.742438164680254431e+01,9.032058715820312500e+00,4.193134903907775879e-01
-2.057372927665710449e-01,9.187381714582443237e-03,5.000000000000000000e+02,-7.199032759269177006e+01,9.870179176330566406e+00,2.640278935432434082e-01
9.489662647247314453e-01,9.329930879175662994e-03,1.440000000000000000e+02,-6.875000297534062099e+01,9.332134246826171875e+00,1.279130280017852783e-01
-1.345173358917236328e+00,9.026809595525264740e-03,5.000000000000000000e+02,-7.022437163145308148e+01,8.605946540832519531e+00,4.769315421581268311e-01
1.210173368453979492e+00,9.012122638523578644e-03,6.000000000000000000e+00,-6.671571270392254860e+01,9.933747291564941406e+00,3.191527426242828369e-01
-1.825475335121154785e+00,8.990044705569744110e-03,5.000000000000000000e+02,-6.874575853139280923e+01,9.051022529602050781e+00,1.041542291641235352e-01
3.482947349548339844e-01,9.001733735203742981e-03,8.000000000000000000e+00,-6.529790042440706088e+01,9.653046607971191406e+00,2.548503637313842773e+00
1.113290429115295410e+00,9.013966657221317291e-03,5.000000000000000000e+00,-6.203062420396092591e+01,9.677735328674316406e+00,1.197180002927780151e-01
-3.901535511016845703e+00,9.015182964503765106e-03,5.000000000000000000e+02,-6.412850124909409999e+01,9.896091461181640625e+00,2.202561795711517334e-01
2.266358375549316406e+00,9.015427902340888977e-03,4.000000000000000000e+00,-6.091435589875015211e+01,9.435349464416503906e+00,1.498956531286239624e-01
7.531063556671142578e-01,9.009235538542270660e-03,1.700000000000000000e+01,-5.791291695971385423e+01,9.734156608581542969e+00,6.500018239021301270e-01
1.594848036766052246e+00,8.796206675469875336e-03,5.000000000000000000e+02,-5.880206554849586098e+01,9.215259552001953125e+00,1.291676759719848633e-01
-3.237153291702270508e-01,8.832462131977081299e-03,3.320000000000000000e+02,-5.840198056638150348e+01,9.646813392639160156e+00,5.420011281967163086e-01
-1.388961076736450195e+00,1.000531297177076340e-02,5.000000000000000000e+02,-6.038565674091789504e+01,1.011633014678955078e+01,1.330506652593612671e-01
1.236131668090820312e+00,9.998450055718421936e-03,6.000000000000000000e+00,-5.736044882667206224e+01,9.617911338806152344e+00,1.241214871406555176e+00
1.999188661575317383e+00,9.998673573136329651e-03,4.000000000000000000e+00,-5.448205253591672204e+01,9.345051765441894531e+00,1.490768790245056152e-01
1.614779710769653320e+00,9.868374094367027283e-03,5.000000000000000000e+02,-5.566527622185656554e+01,9.538843154907226562e+00,1.282686889171600342e-01
-3.180217266082763672e+00,9.250313043594360352e-03,5.000000000000000000e+02,-5.457482022785031717e+01,9.805643081665039062e+00,3.704518079757690430e-01
1.680535435676574707e+00,1.011230051517486572e-02,5.000000000000000000e+02,-5.557592884109158859e+01,8.710586547851562500e+00,1.601744592189788818e-01
4.434896111488342285e-01,1.009982917457818985e-02,5.000000000000000000e+02,-5.810672999705327157e+01,8.790863037109375000e+00,1.395989358425140381e-01
-1.589718461036682129e+00,1.052678748965263367e-02,5.000000000000000000e+02,-5.745856505187779817e+01,8.325987815856933594e+00,1.399741619825363159e-01
-2.529567956924438477e+00,1.049986761063337326e-02,5.000000000000000000e+00,-5.458594089957384909e+01,8.875361442565917969e+00,5.686173439025878906e-01
3.071140944957733154e-01,1.047129742801189423e-02,7.000000000000000000e+00,-5.186542196138891825e+01,9.645143508911132812e+00,9.589718282222747803e-02
-3.553750514984130859e+00,1.082769408822059631e-02,5.000000000000000000e+02,-5.308087384028716826e+01,9.624920845031738281e+00,2.002879619598388672e+00
1.641760110855102539e+00,1.016799174249172211e-02,5.000000000000000000e+02,-5.151749698626309737e+01,9.086133956909179688e+00,1.032902821898460388e-01
1.604729890823364258e-01,1.076895464211702347e-02,5.000000000000000000e+02,-5.333453848645780937e+01,9.432653427124023438e+00,2.324029654264450073e-01
1.047859668731689453e+00,1.074263919144868851e-02,2.820000000000000000e+02,-5.346893040073573644e+01,9.186587333679199219e+00,1.566127985715866089e-01
2.818305015563964844e+00,1.093526091426610947e-02,1.100000000000000000e+02,-5.119538234455910697e+01,7.935331344604492188e+00,1.545043349266052246e+00
1.520096659660339355e+00,1.076839957386255264e-02,5.000000000000000000e+02,-5.463485300817813339e+01,8.141693115234375000e+00,8.886213600635528564e-02
-1.980677843093872070e+00,1.072388608008623123e-02,1.100000000000000000e+02,-5.274311500529238828e+01,9.131183624267578125e+00,2.290572375059127808e-01
7.116280198097229004e-01,1.071784365922212601e-02,5.000000000000000000e+00,-5.011012714334130180e+01,8.229389190673828125e+00,1.484287083148956299e-01
-1.499525785446166992e+00,1.071078330278396606e-02,5.000000000000000000e+00,-4.759654691310137764e+01,8.991630554199218750e+00,1.114879846572875977e-01
1.454712629318237305e+00,1.075373496860265732e-02,2.100000000000000000e+01,-4.527644929815669883e+01,9.226655960083007812e+00,2.125926017761230469e-01
2.228584587574005127e-01,9.996848180890083313e-03,5.000000000000000000e+02,-4.852012579139692861e+01,9.190785408020019531e+00,1.678049862384796143e-01
-2.345743656158447266e+00,9.648893028497695923e-03,3.700000000000000000e+02,-4.839059557743909323e+01,9.266800880432128906e+00,1.193355098366737366e-01
-2.113983035087585449e-01,9.735162369906902313e-03,3.200000000000000000e+01,-4.603158354831626298e+01,8.392524719238281250e+00,1.854988932609558105e-01
5.340858697891235352e-01,1.015844009816646576e-02,5.000000000000000000e+02,-4.745555364707356460e+01,9.465549468994140625e+00,1.778760194778442383e+00
9.975728392601013184e-01,1.014669612050056458e-02,5.000000000000000000e+02,-4.726679274425067945e+01,9.415251731872558594e+00,1.096694394946098328e-01
-3.276187181472778320e-01,1.054794155061244965e-02,5.000000000000000000e+02,-4.731175792557150572e+01,8.938302993774414062e+00,1.818395704030990601e-01
1.185577750205993652e+00,1.002857927232980728e-02,5.000000000000000000e+02,-4.746041770602308674e+01,8.798410415649414062e+00,2.012535482645034790e-01
2.069553852081298828e+00,1.002570055425167084e-02,8.000000000000000000e+00,-4.510422815912754402e+01,9.274057388305664062e+00,1.889685243368148804e-01
1.507982015609741211e-01,1.046034879982471466e-02,5.000000000000000000e+02,-4.545110933800142305e+01,8.501422882080078125e+00,9.438165277242660522e-02
1.388831973075866699e+00,1.057649776339530945e-02,5.000000000000000000e+02,-4.950828682876995401e+01,8.603848457336425781e+00,2.001824527978897095e-01
1.572658300399780273e+00,1.079185027629137039e-02,1.680000000000000000e+02,-4.780221266188350882e+01,9.248939514160156250e+00,8.349585533142089844e-02
-2.785989284515380859e+00,1.079357974231243134e-02,5.000000000000000000e+00,-4.540876344672064846e+01,9.270563125610351562e+00,1.219314694404602051e+00
1.648993730545043945e+00,1.078057102859020233e-02,5.000000000000000000e+02,-4.818031127864777829e+01,1.015821552276611328e+01,1.614482104778289795e-01
-7.486128807067871094e-02,1.079336274415254593e-02,5.000000000000000000e+00,-4.576327677179303777e+01,8.756430625915527344e+00,1.221454516053199768e-01
6.687871813774108887e-01,1.064632460474967957e-02,3.280000000000000000e+02,-4.575638177013377828e+01,9.008821487426757812e+00,1.958777159452438354e-01
-2.948771119117736816e-01,1.063819974660873413e-02,6.000000000000000000e+00,-4.345464002027046035e+01,9.171536445617675781e+00,1.035060286521911621e+00
-8.368461728096008301e-01,1.061037275940179825e-02,1.400000000000000000e+01,-4.128411788250987513e+01,9.950108528137207031e+00,2.150693655014038086e+00
-2.802039623260498047e+00,1.057319995015859604e-02,9.000000000000000000e+00,-3.920218807759444246e+01,9.682506561279296875e+00,2.538485825061798096e-01
-2.971248388290405273e+00,1.054813712835311890e-02,5.000000000000000000e+00,-3.723489788050385840e+01,8.123634338378906250e+00,9.338159859180450439e-02
4.951385855674743652e-01,9.564724750816822052e-03,5.000000000000000000e+02,-3.940859635689542273e+01,9.452969551086425781e+00,5.735114812850952148e-01
1.175281524658203125e+00,9.561468847095966339e-03,4.000000000000000000e+00,-3.742166052875668925e+01,9.039761543273925781e+00,2.455923110246658325e-01
-1.411026120185852051e-01,9.524595923721790314e-03,1.900000000000000000e+01,-3.558999417013787792e+01,9.991016387939453125e+00,3.321246504783630371e-01
-9.254487752914428711e-01,1.028470508754253387e-02,5.000000000000000000e+02,-3.667810267747710640e+01,9.289827346801757812e+00,1.417914330959320068e-01
-8.203452229499816895e-01,1.027145329862833023e-02,4.000000000000000000e+00,-3.482462133754498979e+01,9.471643447875976562e+00,1.769610047340393066e-01
-1.268086791038513184e+00,1.024050638079643250e-02,8.000000000000000000e+00,-3.305216699590034324e+01,9.794156074523925781e+00,2.453017711639404297e+00
-1.398371696472167969e+00,1.021195575594902039e-02,5.000000000000000000e+00,-3.137541525314012958e+01,9.027200698852539062e+00,2.492768168449401855e-01
-1.923532247543334961e+00,9.975443594157695770e-03,4.900000000000000000e+01,-3.008641144924880706e+01,9.439607620239257812e+00,2.090770900249481201e-01
-4.601572036743164062e+00,9.792148135602474213e-03,5.000000000000000000e+02,-3.070461519842441334e+01,1.010929775238037109e+01,2.072074264287948608e-01
2.015263319015502930e+00,1.003077905625104904e-02,5.000000000000000000e+02,-3.408013200979273449e+01,9.832139968872070312e+00,3.482646346092224121e-01
-8.894476294517517090e-01,1.027721446007490158e-02,5.000000000000000000e+02,-3.414918298166045219e+01,9.535363197326660156e+00,1.371916532516479492e-01
-1.795535564422607422e+00,1.063679996877908707e-02,5.000000000000000000e+02,-3.540935690933461899e+01,9.209373474121093750e+00,8.469751477241516113e-02
-3.394091725349426270e-01,1.065178308635950089e-02,3.100000000000000000e+01,-3.373410242839824491e+01,9.560789108276367188e+00,1.778053879737854004e+00
3.034943819046020508e+00,1.068103406578302383e-02,5.000000000000000000e+02,-3.751046567740626614e+01,8.312262535095214844e+00,1.658057421445846558e-01
2.347121834754943848e-01,1.069021504372358322e-02,4.000000000000000000e+00,-3.560719769873676910e+01,9.633064270019531250e+00,3.093966245651245117e-01
-1.861053705215454102e+00,1.067798305302858353e-02,5.000000000000000000e+02,-3.548286747777994066e+01,8.849773406982421875e+00,2.271587252616882324e-01
2.068783521652221680e+00,1.068816613405942917e-02,4.000000000000000000e+00,-3.369463794233708143e+01,9.338433265686035156e+00,1.625773161649703979e-01
3.534133672714233398e+00,1.073618605732917786e-02,1.400000000000000000e+01,-3.207278704220745169e+01,8.978082656860351562e+00,5.333623290061950684e-01
-5.671696662902832031e-01,1.074513886123895645e-02,5.000000000000000000e+00,-3.046483342022655805e+01,8.016259193420410156e+00,1.271995007991790771e-01
-1.563922524452209473e+00,9.904386475682258606e-03,5.000000000000000000e+02,-2.952608164620186315e+01,8.639967918395996094e+00,2.796950042247772217e-01
2.511710643768310547e+00,9.894779883325099945e-03,4.000000000000000000e+00,-2.801845449381268338e+01,1.059568691253662109e+01,1.412785351276397705e-01
-3.202161788940429688e+00,9.884834289550781250e-03,6.000000000000000000e+00,-2.662049473650293052e+01,9.158227920532226562e+00,1.317556798458099365e-01
2.609011173248291016e+00,9.815152734518051147e-03,2.400000000000000000e+01,-2.538974030599678144e+01,9.938320159912109375e+00,1.826702952384948730e-01
-2.288081884384155273e+00,9.807058610022068024e-03,5.000000000000000000e+00,-2.408448073677246981e+01,1.023381900787353516e+01,8.789683878421783447e-02
1.485716938972473145e+00,9.803827852010726929e-03,5.000000000000000000e+00,-2.287439085112436743e+01,9.625035285949707031e+00,1.924268603324890137e-01
-1.018236160278320312e+00,9.808152914047241211e-03,6.000000000000000000e+00,-2.172095902898016462e+01,9.189805984497070312e+00,1.314698755741119385e-01
-2.621174573898315430e+00,9.814712218940258026e-03,7.000000000000000000e+00,-2.061979057944017413e+01,9.364418983459472656e+00,1.291315704584121704e-01
-2.364735603332519531e-01,9.815091267228126526e-03,5.000000000000000000e+00,-1.958453691853471312e+01,1.025766563415527344e+01,1.270971149206161499e-01
3.681321740150451660e-01,9.815816767513751984e-03,4.000000000000000000e+00,-1.859286902979729916e+01,9.788425445556640625e+00,2.516614198684692383e-01
-3.312844038009643555e-01,9.808798320591449738e-03,7.000000000000000000e+00,-1.767313777969710387e+01,9.333921432495117188e+00,1.295689344406127930e-01
-6.738666892051696777e-01,9.813425131142139435e-03,5.000000000000000000e+02,-1.933251577504585939e+01,9.848326683044433594e+00,3.146616935729980469e+00
-5.196449756622314453e-01,9.693376719951629639e-03,5.000000000000000000e+02,-2.009945632393116810e+01,9.745602607727050781e+00,1.216240525245666504e-01
-3.603052616119384766e+00,9.945673868060112000e-03,5.000000000000000000e+02,-2.242489001483924582e+01,1.013702011108398438e+01,1.313020586967468262e-01
-4.517317295074462891e+00,9.929013438522815704e-03,2.660000000000000000e+02,-2.290252888124085473e+01,9.894552230834960938e+00,1.127537786960601807e-01
1.286423921585083008e+00,9.622478857636451721e-03,5.000000000000000000e+02,-2.668582992441805501e+01,9.277021408081054688e+00,2.737489044666290283e-01
-9.504747390747070312e-01,9.642463177442550659e-03,1.000000000000000000e+01,-2.537019949061656732e+01,1.028208923339843750e+01,3.445899486541748047e-01
4.029728889465332031e+00,9.642150253057479858e-03,9.000000000000000000e+00,-2.409246914301400722e+01,1.076763534545898438e+01,2.711347341537475586e-01
1.181668758392333984e+00,9.662595577538013458e-03,7.000000000000000000e+00,-2.285286462741848013e+01,9.951133728027343750e+00,1.144189536571502686e-01
-1.677041888236999512e+00,9.665337391197681427e-03,5.000000000000000000e+00,-2.170824648853012206e+01,9.750754356384277344e+00,1.665893644094467163e-01
-1.094786822795867920e-01,9.661968797445297241e-03,4.000000000000000000e+00,-2.061066048165236708e+01,9.061985969543457031e+00,1.524757027626037598e+00
1.625066041946411133e+00,9.660397656261920929e-03,5.000000000000000000e+00,-1.957929326299896999e+01,9.487793922424316406e+00,1.530401557683944702e-01
1.454028367996215820e+00,9.681213647127151489e-03,1.700000000000000000e+01,-1.866958613488939989e+01,1.046420669555664062e+01,8.145023882389068604e-02
1.848664879798889160e-01,9.854827076196670532e-03,5.000000000000000000e+02,-2.018590840540005971e+01,9.982021331787109375e+00,3.230565547943115234e+00
1.672045946121215820e+00,9.768266230821609497e-03,5.000000000000000000e+02,-2.250444619189541129e+01,9.598588943481445312e+00,7.779859006404876709e-02
5.952460765838623047e-01,9.766826406121253967e-03,4.000000000000000000e+00,-2.135157650437750831e+01,9.772521972656250000e+00,1.218449845910072327e-01
2.494025230407714844e+00,9.537280537188053131e-03,2.260000000000000000e+02,-2.129676653727102931e+01,9.803083419799804688e+00,5.955170989036560059e-01
3.713873326778411865e-01,9.609278291463851929e-03,5.000000000000000000e+02,-2.316361015260217826e+01,9.518349647521972656e+00,1.087180152535438538e-01
1.209589123725891113e+00,9.613187052309513092e-03,7.000000000000000000e+00,-2.197734369104354002e+01,8.763079643249511719e+00,2.606918215751647949e-01
2.363604307174682617e+00,9.614672511816024780e-03,5.000000000000000000e+00,-2.089966903256362585e+01,1.055652523040771484e+01,1.481080800294876099e-01
3.141031265258789062e-01,9.622148238122463226e-03,5.000000000000000000e+00,-1.985524023270246019e+01,9.439275741577148438e+00,1.299096107482910156e+00
-2.889065742492675781e-01,9.625502862036228180e-03,4.000000000000000000e+00,-1.884131161593749937e+01,9.241677284240722656e+00,1.801834851503372192e-01
-4.505779743194580078e-01,9.624062106013298035e-03,5.000000000000000000e+00,-1.786267858184563195e+01,9.029282569885253906e+00,1.385080814361572266e-01
4.171019792556762695e-02,1.003081724047660828e-02,5.000000000000000000e+02,-1.967835378581362704e+01,9.927906036376953125e+00,1.674109995365142822e-01
-1.288537621498107910e+00,9.958130307495594025e-03,5.800000000000000000e+01,-1.892172196184469968e+01,1.083769989013671875e+01,2.927855551242828369e-01
-2.544397115707397461e-02,9.981144219636917114e-03,1.200000000000000000e+01,-1.799928628420958887e+01,9.018545150756835938e+00,2.758635282516479492e-01
-5.921288728713989258e-01,9.991277009248733521e-03,6.000000000000000000e+00,-1.707503990496519819e+01,1.015324783325195312e+01,1.698431372642517090e-01
3.698928356170654297e+00,9.948101826012134552e-03,4.300000000000000000e+01,-1.635251479876098557e+01,1.076117134094238281e+01,9.454684257507324219e-01
8.441230058670043945e-01,9.953762404620647430e-03,5.000000000000000000e+00,-1.553381425371224367e+01,9.162241935729980469e+00,1.378599554300308228e-01
1.872548699378967285e+00,9.957906790077686310e-03,4.000000000000000000e+00,-1.474276482829383994e+01,9.897418022155761719e+00,2.245382547378540039e+00
1.918547868728637695e+00,9.962500073015689850e-03,4.000000000000000000e+00,-1.399427453210438621e+01,1.022879123687744141e+01,1.768145442008972168e+00
-2.266349196434020996e-01,9.894345887005329132e-03,5.000000000000000000e+02,-1.769676909211611715e+01,1.045664024353027344e+01,1.780982166528701782e-01
-1.041422605514526367e+00,9.901968762278556824e-03,5.000000000000000000e+00,-1.683310288384724984e+01,9.897911071777343750e+00,6.257454752922058105e-01
-1.780956983566284180e-02,9.909814223647117615e-03,8.000000000000000000e+00,-1.596705942561637315e+01,8.628848075866699219e+00,9.990027546882629395e-02
3.602705001831054688e+00,1.011761557310819626e-02,5.000000000000000000e+02,-1.599344212794567532e+01,9.166124343872070312e+00,1.960013359785079956e-01
-1.621361374855041504e-01,1.012436766177415848e-02,4.000000000000000000e+00,-1.518037496691000499e+01,1.014716625213623047e+01,1.084741577506065369e-01
-1.087055683135986328e+00,1.073859259486198425e-02,5.000000000000000000e+02,-1.536468697551190310e+01,9.688813209533691406e+00,2.773908972740173340e-01
2.498492956161499023e+00,1.073118112981319427e-02,4.000000000000000000e+00,-1.458236471206083351e+01,1.067969036102294922e+01,2.014978826045989990e-01
-3.284698724746704102e-01,1.071888674050569534e-02,6.000000000000000000e+00,-1.386010193932183299e+01,1.002881240844726562e+01,2.032471299171447754e-01
-1.850623846054077148e+00,1.071154419332742691e-02,5.000000000000000000e+00,-1.316024564383150519e+01,9.337464332580566406e+00,2.285833358764648438e-01
1.763732790946960449e+00,1.071059424430131912e-02,4.000000000000000000e+00,-1.248744024578566680e+01,8.867721557617187500e+00,1.098533123731613159e-01
2.962493896484375000e-01,1.071503851562738419e-02,5.000000000000000000e+00,-1.187105359963221929e+01,9.946721076965332031e+00,6.696985960006713867e-01
-1.619442105293273926e+00,1.071434840559959412e-02,1.800000000000000000e+01,-1.135726916420023969e+01,1.019273567199707031e+01,6.776828169822692871e-01
2.354043006896972656e+00,1.080477423965930939e-02,2.500000000000000000e+02,-1.196372284463230073e+01,9.314028739929199219e+00,2.071885168552398682e-01
-2.279018402099609375e+00,1.050790119916200638e-02,5.000000000000000000e+02,-1.472549325039112667e+01,9.228548049926757812e+00,1.362553089857101440e-01
2.455672502517700195e+00,1.050826720893383026e-02,5.000000000000000000e+00,-1.398578061170496412e+01,1.013309669494628906e+01,2.935423851013183594e-01
-1.199411749839782715e+00,1.052633579820394516e-02,7.000000000000000000e+00,-1.327224778465193467e+01,1.039697551727294922e+01,2.499904632568359375e-01
3.307714700698852539e+00,1.079917047172784805e-02,5.000000000000000000e+02,-1.605910994804326464e+01,1.011319828033447266e+01,8.432304859161376953e-01
-1.982918739318847656e+00,1.080308482050895691e-02,4.000000000000000000e+00,-1.524229779602689128e+01,9.010362625122070312e+00,1.032981649041175842e-01
1.027243852615356445e+00,1.077207736670970917e-02,2.570000000000000000e+02,-1.627257114721857079e+01,1.013900089263916016e+01,1.381864249706268311e-01
5.673021078109741211e-01,1.124236360192298889e-02,5.000000000000000000e+02,-1.837066067079550535e+01,1.145300102233886719e+01,2.207182645797729492e+00
2.517205476760864258e-02,1.109068840742111206e-02,5.000000000000000000e+02,-2.285027836999649153e+01,1.068511295318603516e+01,6.542681455612182617e-01
-2.705728530883789062e+00,1.108415424823760986e-02,5.000000000000000000e+00,-2.172955043195969438e+01,8.971321105957031250e+00,5.190135240554809570e-01
1.330025196075439453e+00,1.080261543393135071e-02,5.000000000000000000e+02,-2.494674351246726829e+01,1.039582824707031250e+01,1.375958323478698730e-01
-2.590965986251831055e+00,1.078852079808712006e-02,7.000000000000000000e+00,-2.368764468379312405e+01,9.270092964172363281e+00,1.564142256975173950e-01
-1.777284264564514160e+00,1.093569863587617874e-02,5.000000000000000000e+02,-2.522230159899958934e+01,9.498728752136230469e+00,1.079209446907043457e+00
2.035443067550659180e+00,1.087237987667322159e-02,5.000000000000000000e+02,-2.692436209709247308e+01,1.020407867431640625e+01,1.348711252212524414e-01
4.319111824035644531e+00,1.088407635688781738e-02,4.000000000000000000e+00,-2.555589052435021102e+01,9.358570098876953125e+00,1.761944144964218140e-01
9.493957757949829102e-01,1.074342802166938782e-02,5.000000000000000000e+02,-2.782428982153730956e+01,1.031231498718261719e+01,8.837172389030456543e-02
3.245726346969604492e+00,1.096109114587306976e-02,5.000000000000000000e+02,-3.091328118914552192e+01,1.106958580017089844e+01,9.991676360368728638e-02
4.011798501014709473e-01,1.093631889671087265e-02,2.300000000000000000e+01,-2.939939143747566419e+01,9.745034217834472656e+00,1.349768936634063721e-01
1.397854208946228027e+00,1.092471741139888763e-02,5.000000000000000000e+00,-2.792309728119228751e+01,9.288715362548828125e+00,2.917757272720336914e+00
3.887891471385955811e-01,1.071078795939683914e-02,5.000000000000000000e+02,-2.855084214817267352e+01,1.046998119354248047e+01,9.881380945444107056e-02
1.504025697708129883e+00,1.073891017585992813e-02,3.900000000000000000e+01,-2.739022961097699849e+01,9.764870643615722656e+00,2.115927219390869141e+00
1.524718761444091797e+00,1.074704527854919434e-02,6.400000000000000000e+01,-2.619511426739002502e+01,8.322275161743164062e+00,1.425522416830062866e-01
-3.942119121551513672e+00,1.077471766620874405e-02,1.250000000000000000e+02,-2.517838349797576569e+01,9.832437515258789062e+00,1.193565428256988525e-01
1.794312357902526855e+00,1.076957024633884430e-02,1.500000000000000000e+01,-2.393857398923821478e+01,1.006182861328125000e+01,5.275552272796630859e-01
-1.992915630340576172e+00,1.069607399404048920e-02,4.000000000000000000e+01,-2.296600083243606250e+01,1.007589721679687500e+01,1.469774097204208374e-01
1.056549102067947388e-01,1.025857962667942047e-02,5.000000000000000000e+02,-2.715180475731859389e+01,9.259428024291992188e+00,1.206523329019546509e-01
-1.056865930557250977e+00,9.582254104316234589e-03,5.000000000000000000e+02,-2.815338661928138464e+01,1.011876678466796875e+01,7.204074263572692871e-01
-4.033431053161621094e+00,9.608343243598937988e-03,5.000000000000000000e+02,-3.139622034267165418e+01,1.014258575439453125e+01,9.409092366695404053e-02
2.148748397827148438e+00,9.786079637706279755e-03,5.000000000000000000e+02,-3.443699502011189395e+01,9.975962638854980469e+00,1.332383155822753906e-01
-4.813351631164550781e-01,9.914781898260116577e-03,2.100000000000000000e+02,-3.451508872404244244e+01,1.049396419525146484e+01,1.044564023613929749e-01
6.177182197570800781e-01,1.021647546440362930e-02,5.000000000000000000e+02,-3.782520675544758149e+01,8.269396781921386719e+00,1.154632866382598877e-01
2.393561601638793945e+00,1.028438657522201538e-02,2.600000000000000000e+01,-3.597259721479642991e+01,9.517086029052734375e+00,1.387057065963745117e+00
6.697844266891479492e-01,1.028840336948633194e-02,4.000000000000000000e+00,-3.414736577129102812e+01,9.320247650146484375e+00,2.084680795669555664e+00
1.276333093643188477e+00,1.044358778744935989e-02,7.700000000000000000e+01,-3.279863768281241221e+01,1.006960010528564453e+01,1.178056001663208008e-01
-2.084205150604248047e-01,1.088149752467870712e-02,5.000000000000000000e+02,-3.633790106442312151e+01,1.063853359222412109e+01,1.502030193805694580e-01
-7.381143569946289062e-01,1.086707226932048798e-02,5.000000000000000000e+00,-3.451472943572603214e+01,8.772865295410156250e+00,9.878866374492645264e-02
-1.207389354705810547e+00,1.085435319691896439e-02,9.000000000000000000e+00,-3.281039534567278793e+01,9.859665870666503906e+00,4.354306757450103760e-01
-5.470784902572631836e-01,1.083894539624452591e-02,6.000000000000000000e+00,-3.115752890034822542e+01,9.316882133483886719e+00,1.462465971708297729e-01
-2.131478548049926758e+00,1.008002087473869324e-02,5.000000000000000000e+02,-3.382560505788120508e+01,8.833959579467773438e+00,2.061031103134155273e+00
-1.470335960388183594e+00,9.640026837587356567e-03,5.000000000000000000e+02,-3.687666226803822411e+01,1.040178680419921875e+01,4.630868732929229736e-01
-6.275575160980224609e-01,9.633947163820266724e-03,4.000000000000000000e+00,-3.502769515847747783e+01,9.408933639526367188e+00,1.158208176493644714e-01
3.862350583076477051e-01,9.575927630066871643e-03,4.200000000000000000e+01,-3.354944936566110414e+01,8.863889694213867188e+00,9.366458654403686523e-02
-3.529771089553833008e+00,9.571878239512443542e-03,4.000000000000000000e+00,-3.183674058269389562e+01,9.897747993469238281e+00,2.715179026126861572e-01
1.256340146064758301e-01,9.026280604302883148e-03,5.000000000000000000e+02,-3.245206603436054138e+01,9.759789466857910156e+00,9.856860339641571045e-02
9.373647570610046387e-01,9.422990493476390839e-03,5.000000000000000000e+02,-3.694904844126440224e+01,9.076473236083984375e+00,1.257063001394271851e-01
-9.269667267799377441e-01,9.420600719749927521e-03,4.000000000000000000e+00,-3.507689775970598589e+01,9.675661087036132812e+00,9.563689231872558594e-01
-9.755682945251464844e-01,9.775823913514614105e-03,5.000000000000000000e+02,-3.549393532027472276e+01,9.290982246398925781e+00,2.698846161365509033e-01
4.197519123554229736e-01,9.635344147682189941e-03,1.550000000000000000e+02,-3.495717132905807034e+01,9.195358276367187500e+00,2.170412689447402954e-01
-2.717474937438964844e+00,9.641341865062713623e-03,4.030000000000000000e+02,-3.454119231282374614e+01,9.264978408813476562e+00,1.286127418279647827e-01
1.361230134963989258e+00,9.506143629550933838e-03,1.150000000000000000e+02,-3.350178263043131466e+01,8.801392555236816406e+00,1.413995921611785889e-01
-2.994227409362792969e-02,9.347386658191680908e-03,5.000000000000000000e+02,-3.346002022792426800e+01,9.323963165283203125e+00,2.863205671310424805e+00
-3.709876537322998047e+00,9.318753145635128021e-03,5.000000000000000000e+02,-3.649961076404701998e+01,9.792090415954589844e+00,2.415615081787109375e+00
-6.101644039154052734e-02,9.724945761263370514e-03,5.000000000000000000e+02,-3.632000297626851903e+01,9.111767768859863281e+00,9.792026132345199585e-02
4.406107664108276367e-01,9.636281058192253113e-03,5.000000000000000000e+02,-3.881841900539843948e+01,9.635009765625000000e+00,7.000377774238586426e-02
-9.607545137405395508e-01,9.758326224982738495e-03,5.000000000000000000e+02,-3.826483515302664529e+01,9.552003860473632812e+00,1.076998114585876465e-01
-1.955788731575012207e+00,9.590043686330318451e-03,5.000000000000000000e+02,-3.850864167106956160e+01,8.020393371582031250e+00,8.303774893283843994e-02
1.099939346313476562e+00,9.582702070474624634e-03,6.000000000000000000e+00,-3.656011622163821784e+01,9.063646316528320312e+00,2.012736499309539795e-01
6.702367067337036133e-01,9.174891747534275055e-03,5.000000000000000000e+02,-3.722197539024065804e+01,9.082102775573730469e+00,1.420492082834243774e-01
-3.860103487968444824e-01,8.846818469464778900e-03,5.000000000000000000e+02,-3.764390316436077200e+01,9.201955795288085938e+00,2.216069459915161133e+00
1.352248668670654297e+00,8.489212021231651306e-03,5.000000000000000000e+02,-3.834502007595366280e+01,8.307971954345703125e+00,1.242489367723464966e-01
1.408552169799804688e+00,8.508860133588314056e-03,5.000000000000000000e+02,-4.219766702930214564e+01,9.280399322509765625e+00,2.806994020938873291e-01
-2.196906566619873047e+00,8.436743170022964478e-03,5.000000000000000000e+02,-4.348234277549960325e+01,8.096269607543945312e+00,1.287783682346343994e-01
5.786556005477905273e-01,8.229929953813552856e-03,5.000000000000000000e+02,-4.386219970712462413e+01,8.695650100708007812e+00,1.075146272778511047e-01
-1.937149763107299805e+00,8.853321895003318787e-03,5.000000000000000000e+02,-4.477273469909210490e+01,8.445519447326660156e+00,6.772236526012420654e-02
-1.506867170333862305e+00,8.799059316515922546e-03,4.600000000000000000e+01,-4.267338576075405143e+01,8.791357994079589844e+00,1.071673706173896790e-01
-2.298403680324554443e-01,8.779373951256275177e-03,5.000000000000000000e+02,-4.226067683301614153e+01,9.333972930908203125e+00,6.899739801883697510e-02
-2.103893280029296875e+00,8.364101871848106384e-03,5.000000000000000000e+02,-4.246063411650195007e+01,8.732219696044921875e+00,6.685955077409744263e-02
-2.333204269409179688e+00,8.352252654731273651e-03,8.000000000000000000e+00,-4.030617136538676704e+01,8.423941612243652344e+00,1.073126912117004395e+00
5.791437149047851562e+00,8.347801864147186279e-03,5.000000000000000000e+02,-4.109815882119406893e+01,9.062911987304687500e+00,1.259712725877761841e-01
1.868093490600585938e+00,8.337896317243576050e-03,5.000000000000000000e+02,-4.221023547968368916e+01,9.353770256042480469e+00,1.428208351135253906e-01
-2.689666271209716797e+00,8.343487977981567383e-03,5.000000000000000000e+00,-4.009717212063616643e+01,8.342393875122070312e+00,8.815833926200866699e-02
8.389165997505187988e-01,8.356300182640552521e-03,1.000000000000000000e+01,-3.810038487459638645e+01,8.342906951904296875e+00,8.241418004035949707e-02
-1.187843441963195801e+00,8.362251333892345428e-03,4.000000000000000000e+00,-3.617703046801833011e+01,8.449995994567871094e+00,9.115850180387496948e-02
5.989520549774169922e+00,8.366502821445465088e-03,5.000000000000000000e+00,-3.436436671535660992e+01,8.815507888793945312e+00,1.236142143607139587e-01
-3.054775953292846680e+00,8.373999036848545074e-03,7.000000000000000000e+00,-3.263511705070203561e+01,8.614599227905273438e+00,8.773902058601379395e-02
-1.991577386856079102e+00,8.368789218366146088e-03,5.000000000000000000e+00,-3.097838850715252335e+01,8.406344413757324219e+00,1.232012212276458740e-01
3.617852687835693359e+00,8.735469542443752289e-03,5.000000000000000000e+02,-3.344018693607119985e+01,9.258663177490234375e+00,6.173101663589477539e-01
3.799971342086791992e-01,8.742924779653549194e-03,4.000000000000000000e+00,-3.174357693964257621e+01,7.835553169250488281e+00,1.508900821208953857e-01
-1.715018510818481445e+00,8.753307163715362549e-03,5.000000000000000000e+00,-3.015601714745475803e+01,8.527893066406250000e+00,5.780486017465591431e-02
1.432593226432800293e+00,8.885150775313377380e-03,5.000000000000000000e+02,-3.022371020359842220e+01,9.096801757812500000e+00,6.248864531517028809e-02
-2.191140413284301758e+00,8.880097419023513794e-03,4.000000000000000000e+00,-2.868998611900603635e+01,9.254973411560058594e+00,2.927071750164031982e-01
3.616034746170043945e+00,8.561785332858562469e-03,5.000000000000000000e+02,-2.983152359226570738e+01,7.869007110595703125e+00,1.294918358325958252e-01
1.136290907859802246e+00,8.563945069909095764e-03,2.300000000000000000e+01,-2.839727212202315343e+01,8.414879798889160156e+00,7.685752213001251221e-02
-7.223899364471435547e-01,8.588613010942935944e-03,5.000000000000000000e+02,-2.884334616426305686e+01,8.514421463012695312e+00,1.021406874060630798e-01
4.594627380371093750e+00,8.586561307311058044e-03,6.000000000000000000e+00,-2.738022591233742986e+01,9.272669792175292969e+00,1.049300581216812134e-01
-9.595584273338317871e-01,8.584944531321525574e-03,1.200000000000000000e+01,-2.599233731516915569e+01,8.181383132934570312e+00,5.382293462753295898e-02
9.898512363433837891e-01,8.579280227422714233e-03,2.100000000000000000e+01,-2.481836577027322832e+01,8.517559051513671875e+00,8.342256397008895874e-02
-1.164116859436035156e-01,8.497340604662895203e-03,5.000000000000000000e+02,-2.608999786370315022e+01,8.105978012084960938e+00,1.592749655246734619e-01
7.757138013839721680e-01,8.246459998190402985e-03,5.000000000000000000e+02,-2.690980442577254905e+01,8.252457618713378906e+00,6.349728256464004517e-02
2.756521701812744141e-01,8.237943053245544434e-03,1.000000000000000000e+01,-2.553998693174838408e+01,8.383424758911132812e+00,4.813027083873748779e-01
-3.039040565490722656e+00,8.351715281605720520e-03,5.000000000000000000e+02,-2.632691787442200848e+01,7.671358108520507812e+00,7.256640493869781494e-02
-1.871000766754150391e+00,8.357428014278411865e-03,6.000000000000000000e+00,-2.500918430261415182e+01,9.203549385070800781e+00,7.527375221252441406e-01
1.162957191467285156e+00,8.508413098752498627e-03,5.000000000000000000e+02,-2.705568629964164629e+01,8.659152030944824219e+00,1.012149080634117126e-01
2.493353605270385742e+00,8.517754264175891876e-03,4.000000000000000000e+00,-2.568043867414964510e+01,7.847818374633789062e+00,3.798152506351470947e-01
-1.052427768707275391e+00,8.525417186319828033e-03,4.000000000000000000e+00,-2.437865861239517429e+01,8.106465339660644531e+00,1.589182913303375244e-01
2.094079017639160156e+00,8.531285449862480164e-03,6.000000000000000000e+00,-2.314631366514524302e+01,8.087301254272460938e+00,1.078537106513977051e-01
1.906152367591857910e+00,8.538602851331233978e-03,1.200000000000000000e+01,-2.196666745059631864e+01,8.054545402526855469e+00,1.230806559324264526e-01
-9.726583957672119141e-02,8.591325022280216217e-03,5.000000000000000000e+02,-2.423152758742169155e+01,8.254407882690429688e+00,1.886365711688995361e-01
4.119850158691406250e+00,8.257477544248104095e-03,5.000000000000000000e+02,-2.597796991637280328e+01,7.988638401031494141e+00,9.594278037548065186e-02
1.010732650756835938e-01,8.185926824808120728e-03,3.240000000000000000e+02,-2.661650398721182498e+01,7.790788650512695312e+00,9.731251746416091919e-02
-4.322235584259033203e-01,8.185173384845256805e-03,4.000000000000000000e+00,-2.527187040778388649e+01,8.522075653076171875e+00,7.721889764070510864e-02
-1.052345991134643555e+00,8.180393837392330170e-03,4.000000000000000000e+00,-2.399445134715011108e+01,7.778488159179687500e+00,7.044154405593872070e-02
-1.233283042907714844e+00,8.176228962838649750e-03,5.000000000000000000e+00,-2.279936150908451964e+01,7.679458141326904297e+00,8.748064935207366943e-02
-2.597733139991760254e-01,8.171134628355503082e-03,5.000000000000000000e+00,-2.163992690104974059e+01,8.150288581848144531e+00,2.190043181180953979e-01
-6.648882627487182617e-01,8.619050495326519012e-03,5.000000000000000000e+02,-2.339913062496280816e+01,8.518753051757812500e+00,5.933733284473419189e-02
-1.880359649658203125e-02,8.619745261967182159e-03,5.000000000000000000e+00,-2.222803140785427090e+01,8.078112602233886719e+00,9.329722076654434204e-02
-9.183200597763061523e-01,8.217902854084968567e-03,5.000000000000000000e+02,-2.412554591000899151e+01,7.622458457946777344e+00,8.980882167816162109e-02
2.070479869842529297e+00,8.131679147481918335e-03,5.000000000000000000e+02,-2.373079699472371118e+01,8.852561950683593750e+00,8.831313252449035645e-02
-1.619339823722839355e+00,8.135417476296424866e-03,4.000000000000000000e+00,-2.252569089865678720e+01,8.066276550292968750e+00,8.861912786960601807e-02
-2.727031111717224121e-01,8.137853816151618958e-03,5.000000000000000000e+00,-2.141873754445904865e+01,7.557209014892578125e+00,5.682912468910217285e-01
2.002815961837768555e+00,8.139402605593204498e-03,1.400000000000000000e+01,-2.033091012102226003e+01,8.296925544738769531e+00,1.624272465705871582e-01
-2.536291599273681641e+00,8.141180500388145447e-03,4.000000000000000000e+00,-1.929775443512962951e+01,8.248253822326660156e+00,5.333223566412925720e-02
-7.798224687576293945e-04,8.143296465277671814e-03,5.000000000000000000e+00,-1.832915273640879406e+01,8.424442291259765625e+00,1.387066096067428589e-01
-2.176795721054077148e+00,8.059642277657985687e-03,5.000000000000000000e+02,-2.023465203986303962e+01,7.453168869018554688e+00,6.358204782009124756e-02
1.009337067604064941e+00,7.989954203367233276e-03,6.700000000000000000e+01,-1.950425646214137743e+01,7.904819011688232422e+00,7.557226717472076416e-02
1.518409013748168945e+00,7.994408719241619110e-03,2.700000000000000000e+01,-1.861223982046572090e+01,7.853176116943359375e+00,8.741955459117889404e-02
-2.929942131042480469e+00,8.002807386219501495e-03,2.700000000000000000e+01,-1.779961290925245976e+01,8.409340858459472656e+00,9.469363838434219360e-02
-1.411189079284667969e+00,8.000385016202926636e-03,5.000000000000000000e+00,-1.690479742930359208e+01,7.915233135223388672e+00,6.477452069520950317e-02
1.643315434455871582e+00,8.001269772648811340e-03,4.000000000000000000e+00,-1.604892782716676791e+01,7.957662582397460938e+00,1.515477001667022705e-01
-1.070548534393310547e+00,7.869848050177097321e-03,5.000000000000000000e+02,-1.781549449457515166e+01,8.601196289062500000e+00,1.070874556899070740e-01
-3.692332506179809570e-01,7.867442443966865540e-03,6.000000000000000000e+00,-1.690069925688554164e+01,7.440454959869384766e+00,1.111880391836166382e-01
-1.814467072486877441e+00,7.869960740208625793e-03,5.000000000000000000e+00,-1.604945992810236177e+01,8.130006790161132812e+00,6.478235125541687012e-02
-9.711868762969970703e-01,7.799706421792507172e-03,1.180000000000000000e+02,-1.551612782966789084e+01,8.403524398803710938e+00,8.349877595901489258e-02
-2.565303146839141846e-01,7.799918763339519501e-03,5.000000000000000000e+00,-1.473336487652968962e+01,7.180713176727294922e+00,7.371027022600173950e-02
2.456065416336059570e+00,8.178860880434513092e-03,5.000000000000000000e+02,-1.594359458589311451e+01,6.864993095397949219e+00,1.238403841853141785e-01
2.536020517349243164e+00,8.224504068493843079e-03,6.100000000000000000e+01,-1.541140534764596026e+01,7.891180515289306641e+00,6.935515999794006348e-02
-3.251219749450683594e+00,8.226908743381500244e-03,5.000000000000000000e+00,-1.463611508381133142e+01,6.938351631164550781e+00,8.514536172151565552e-02
1.227573633193969727e+00,8.345445618033409119e-03,5.000000000000000000e+02,-1.705803873114960112e+01,7.818578720092773438e+00,5.585337430238723755e-02
3.409362316131591797e+00,8.929812349379062653e-03,5.000000000000000000e+02,-2.092730623874334484e+01,7.372444629669189453e+00,8.166343718767166138e-02
-1.761012673377990723e+00,8.931340649724006653e-03,3.400000000000000000e+01,-1.992915369717880836e+01,6.936224460601806641e+00,9.185189753770828247e-02
3.993961572647094727e+00,8.929168805480003357e-03,5.000000000000000000e+02,-2.367230140045831277e+01,7.501188278198242188e+00,1.072993278503417969e-01
5.871961712837219238e-01,8.931434713304042816e-03,6.000000000000000000e+00,-2.249852031749260561e+01,7.730015754699707031e+00,6.265503168106079102e-02
2.606703519821166992e+00,9.302069433033466339e-03,5.000000000000000000e+02,-2.924867673782193123e+01,7.811138629913330078e+00,1.549605727195739746e-01
9.431623220443725586e-01,9.514913894236087799e-03,5.000000000000000000e+02,-3.076819116655040887e+01,7.605014801025390625e+00,7.105199992656707764e-02
7.170981168746948242e-01,9.502486325800418854e-03,3.200000000000000000e+01,-2.931759755474971385e+01,7.401013374328613281e+00,8.060339838266372681e-02
-1.996260166168212891e+00,9.560506790876388550e-03,5.000000000000000000e+02,-3.461696343445046864e+01,8.138470649719238281e+00,5.236142873764038086e-01
2.129867672920227051e-01,9.737279266119003296e-03,5.000000000000000000e+02,-3.689084113703643908e+01,7.290658950805664062e+00,1.287579238414764404e-01
2.178485631942749023e+00,9.782576002180576324e-03,3.600000000000000000e+01,-3.516493248493127055e+01,7.551596164703369141e+00,1.087069064378738403e-01
4.755502939224243164e-01,1.004861108958721161e-02,5.000000000000000000e+02,-3.564143720506374535e+01,6.745296478271484375e+00,7.001799345016479492e-01
1.158859491348266602e+00,9.613173082470893860e-03,5.000000000000000000e+02,-3.562714263128049197e+01,7.550347328186035156e+00,4.231906235218048096e-01
-4.383412301540374756e-01,9.616208262741565704e-03,4.000000000000000000e+00,-3.382272446004516553e+01,7.525313377380371094e+00,4.182193577289581299e-01
7.046499848365783691e-01,9.812292642891407013e-03,5.000000000000000000e+02,-3.499592658361363817e+01,7.407710552215576172e+00,8.754574507474899292e-02
-1.297930836677551270e+00,9.813860990107059479e-03,4.000000000000000000e+00,-3.322787033611575680e+01,6.752756118774414062e+00,8.403044939041137695e-02
-2.120833158493041992e+00,9.814403951168060303e-03,4.000000000000000000e+00,-3.155220286959745479e+01,7.147248744964599609e+00,2.303384244441986084e-01
3.220108270645141602e+00,9.799495339393615723e-03,2.200000000000000000e+01,-3.003255520928523126e+01,7.705164432525634766e+00,3.928434848785400391e-01
